X,Y,Floor,Max_Signal_2_4GHz,Max_Signal_5Hz,Coverage_2_4GHz,Coverage_5GHz
0,0,0,-78.9087,-92.2839,0,0
0,2,0,-66.4907,-79.8659,0,0
0,4,0,-66.0531,-79.4283,0,0
0,6,0,-65.5941,-78.9693,0,0
0,8,0,-65.1119,-78.4871,0,0
0,10,0,-64.6042,-77.9794,1,0
0,12,0,-64.0687,-77.4439,1,0
0,14,0,-63.5028,-76.878,1,0
0,16,0,-62.9037,-76.2789,1,0
0,18,0,-62.2684,-75.6435,1,0
0,20,0,-61.5939,-74.9691,1,0
0,22,0,-60.8779,-74.2531,1,0
0,24,0,-60.1187,-73.4939,1,0
0,26,0,-59.3171,-72.6923,1,0
0,28,0,-58.4781,-71.8533,1,0
0,30,0,-57.6145,-70.9897,1,0
0,32,0,-56.7527,-70.1278,1,0
0,34,0,-62.9396,-76.3148,1,0
0,36,0,-62.2488,-75.624,1,0
0,38,0,-82.7746,-96.1497,0,0
0,40,0,-47.6042,-60.9794,1,1
0,42,0,-82.7746,-96.1497,0,0
0,44,0,-62.2488,-75.624,1,0
0,46,0,-62.9396,-76.3148,1,0
0,48,0,-56.7527,-70.1278,1,0
0,50,0,-57.6145,-70.9897,1,0
0,52,0,-58.4781,-71.8533,1,0
0,54,0,-59.3171,-72.6923,1,0
0,56,0,-60.1187,-73.4939,1,0
0,58,0,-60.8779,-74.2531,1,0
0,60,0,-61.5939,-74.9691,1,0
0,62,0,-62.2684,-75.6435,1,0
0,64,0,-62.9037,-76.2789,1,0
0,66,0,-63.5028,-76.878,1,0
0,68,0,-64.0687,-77.4439,1,0
0,70,0,-64.6042,-77.9794,1,0
0,72,0,-65.1119,-78.4871,0,0
0,74,0,-65.5941,-78.9693,0,0
0,76,0,-66.0531,-79.4283,0,0
0,78,0,-66.4907,-79.8659,0,0
2,0,0,-66.8158,-80.1909,0,0
2,2,0,-66.3882,-79.7634,0,0
2,4,0,-65.9396,-79.3148,0,0
2,6,0,-65.4678,-78.843,0,0
2,8,0,-64.9705,-78.3457,1,0
2,10,0,-64.445,-77.8202,1,0
2,12,0,-63.8882,-77.2634,1,0
2,14,0,-63.2965,-76.6717,1,0
2,16,0,-62.666,-76.0412,1,0
2,18,0,-61.992,-75.3672,1,0
2,20,0,-61.2694,-74.6446,1,0
2,22,0,-60.4925,-73.8677,1,0
2,24,0,-59.6557,-73.0309,1,0
2,26,0,-58.754,-72.1291,1,0
2,28,0,-57.7849,-71.16,1,0
2,30,0,-56.7527,-70.1278,1,0
2,32,0,-55.6763,-69.0515,1,0
2,34,0,-54.6042,-67.9794,1,0
2,36,0,-60.6351,-74.0103,1,0
2,38,0,-73.9293,-87.3045,0,0
2,40,0,-45.666,-59.0412,1,1
2,42,0,-73.9293,-87.3045,0,0
2,44,0,-60.6351,-74.0103,1,0
2,46,0,-54.6042,-67.9794,1,0
2,48,0,-55.6763,-69.0515,1,0
2,50,0,-56.7527,-70.1278,1,0
2,52,0,-57.7849,-71.16,1,0
2,54,0,-58.754,-72.1291,1,0
2,56,0,-59.6557,-73.0309,1,0
2,58,0,-60.4925,-73.8677,1,0
2,60,0,-61.2694,-74.6446,1,0
2,62,0,-61.992,-75.3672,1,0
2,64,0,-62.666,-76.0412,1,0
2,66,0,-63.2965,-76.6717,1,0
2,68,0,-63.8882,-77.2634,1,0
2,70,0,-64.445,-77.8202,1,0
2,72,0,-64.9705,-78.3457,1,0
2,74,0,-65.4678,-78.843,0,0
2,76,0,-65.9396,-79.3148,0,0
2,78,0,-66.3882,-79.7634,0,0
4,0,0,-66.7421,-80.1172,0,0
4,2,0,-66.3068,-79.682,0,0
4,4,0,-65.8493,-79.2244,0,0
4,6,0,-65.367,-78.7422,0,0
4,8,0,-64.8573,-78.2325,1,0
4,10,0,-64.317,-77.6922,1,0
4,12,0,-63.7424,-77.1175,1,0
4,14,0,-63.129,-76.5042,1,0
4,16,0,-62.4717,-75.8469,1,0
4,18,0,-61.7643,-75.1394,1,0
4,20,0,-60.9991,-74.3743,1,0
4,22,0,-60.1672,-73.5424,1,0
4,24,0,-59.2581,-72.6332,1,0
4,26,0,-58.2591,-71.6343,1,0
4,28,0,-57.1569,-70.5321,1,0
4,30,0,-55.9396,-69.3148,1,0
4,32,0,-54.6042,-67.9794,1,0
4,34,0,-53.1775,-66.5527,1,0
4,36,0,-51.7643,-65.1394,1,0
4,38,0,-64.6248,-78,1,0
4,40,0,-43.1672,-56.5424,1,1
4,42,0,-64.6248,-78,1,0
4,44,0,-51.7643,-65.1394,1,0
4,46,0,-53.1775,-66.5527,1,0
4,48,0,-54.6042,-67.9794,1,0
4,50,0,-55.9396,-69.3148,1,0
4,52,0,-57.1569,-70.5321,1,0
4,54,0,-58.2591,-71.6343,1,0
4,56,0,-59.2581,-72.6332,1,0
4,58,0,-60.1672,-73.5424,1,0
4,60,0,-60.9991,-74.3743,1,0
4,62,0,-61.7643,-75.1394,1,0
4,64,0,-62.4717,-75.8469,1,0
4,66,0,-63.129,-76.5042,1,0
4,68,0,-63.7424,-77.1175,1,0
4,70,0,-64.317,-77.6922,1,0
4,72,0,-64.8573,-78.2325,1,0
4,74,0,-65.367,-78.7422,0,0
4,76,0,-65.8493,-79.2244,0,0
4,78,0,-66.3068,-79.682,0,0
6,0,0,-66.6886,-80.0638,0,0
6,2,0,-66.2478,-79.6229,0,0
6,4,0,-65.7836,-79.1587,0,0
6,6,0,-65.2935,-78.6687,0,0
6,8,0,-64.7746,-78.1497,1,0
6,10,0,-64.2232,-77.5984,1,0
6,12,0,-63.6351,-77.0103,1,0
6,14,0,-63.0053,-76.3805,1,0
6,16,0,-62.3274,-75.7026,1,0
6,18,0,-61.5939,-74.9691,1,0
6,20,0,-60.7952,-74.1703,1,0
6,22,0,-59.919,-73.2942,1,0
6,24,0,-58.9499,-72.3251,1,0
6,26,0,-57.8676,-71.2428,1,0
6,28,0,-56.6454,-70.0206,1,0
6,30,0,-55.2488,-68.624,1,0
6,32,0,-53.6351,-67.0103,1,0
6,34,0,-51.7643,-65.1394,1,0
6,36,0,-49.6557,-63.0309,1,1
6,38,0,-54.6145,-67.9897,1,0
6,40,0,-39.6454,-53.0206,1,1
6,42,0,-54.6145,-67.9897,1,0
6,44,0,-49.6557,-63.0309,1,1
6,46,0,-51.7643,-65.1394,1,0
6,48,0,-53.6351,-67.0103,1,0
6,50,0,-55.2488,-68.624,1,0
6,52,0,-56.6454,-70.0206,1,0
6,54,0,-57.8676,-71.2428,1,0
6,56,0,-58.9499,-72.3251,1,0
6,58,0,-59.919,-73.2942,1,0
6,60,0,-60.7952,-74.1703,1,0
6,62,0,-61.5939,-74.9691,1,0
6,64,0,-62.3274,-75.7026,1,0
6,66,0,-63.0053,-76.3805,1,0
6,68,0,-63.6351,-77.0103,1,0
6,70,0,-64.2232,-77.5984,1,0
6,72,0,-64.7746,-78.1497,1,0
6,74,0,-65.2935,-78.6687,0,0
6,76,0,-65.7836,-79.1587,0,0
6,78,0,-66.2478,-79.6229,0,0
8,0,0,-66.6563,-80.0314,0,0
8,2,0,-66.2119,-79.5871,0,0
8,4,0,-65.7437,-79.1188,0,0
8,6,0,-65.2488,-78.624,0,0
8,8,0,-64.7242,-78.0993,1,0
8,10,0,-64.1659,-77.5411,1,0
8,12,0,-63.5695,-76.9447,1,0
8,14,0,-62.9293,-76.3045,1,0
8,16,0,-62.2385,-75.6137,1,0
8,18,0,-61.4884,-74.8636,1,0
8,20,0,-60.668,-74.0432,1,0
8,22,0,-59.763,-73.1381,1,0
8,24,0,-58.754,-72.1291,1,0
8,26,0,-57.6145,-70.9897,1,0
8,28,0,-56.3068,-69.682,1,0
8,30,0,-54.7746,-68.1497,1,0
8,32,0,-52.9293,-66.3045,1,0
8,34,0,-50.6248,-64,1,1
8,36,0,-47.6145,-60.9897,1,1
8,38,0,-43.6351,-57.0103,1,1
8,40,0,-33.6248,-47,1,1
8,42,0,-43.6351,-57.0103,1,1
8,44,0,-47.6145,-60.9897,1,1
8,46,0,-50.6248,-64,1,1
8,48,0,-52.9293,-66.3045,1,0
8,50,0,-54.7746,-68.1497,1,0
8,52,0,-56.3068,-69.682,1,0
8,54,0,-57.6145,-70.9897,1,0
8,56,0,-58.754,-72.1291,1,0
8,58,0,-59.763,-73.1381,1,0
8,60,0,-60.668,-74.0432,1,0
8,62,0,-61.4884,-74.8636,1,0
8,64,0,-62.2385,-75.6137,1,0
8,66,0,-62.9293,-76.3045,1,0
8,68,0,-63.5695,-76.9447,1,0
8,70,0,-64.1659,-77.5411,1,0
8,72,0,-64.7242,-78.0993,1,0
8,74,0,-65.2488,-78.624,0,0
8,76,0,-65.7437,-79.1188,0,0
8,78,0,-66.2119,-79.5871,0,0
10,0,0,-66.6454,-80.0206,0,0
10,2,0,-66.1999,-79.5751,0,0
10,4,0,-65.7303,-79.1055,0,0
10,6,0,-65.2338,-78.609,0,0
10,8,0,-64.7072,-78.0824,1,0
10,10,0,-64.1466,-77.5218,1,0
10,12,0,-63.5474,-76.9226,1,0
10,14,0,-62.9037,-76.2789,1,0
10,16,0,-62.2084,-75.5836,1,0
10,18,0,-61.4527,-74.8279,1,0
10,20,0,-60.6248,-74,1,0
10,22,0,-59.7097,-73.0849,1,0
10,24,0,-58.6866,-72.0618,1,0
10,26,0,-57.5268,-70.902,1,0
10,28,0,-56.1878,-69.563,1,0
10,30,0,-54.6042,-67.9794,1,0
10,32,0,-52.666,-66.0412,1,0
10,34,0,-50.1672,-63.5424,1,1
10,36,0,-46.6454,-60.0206,1,1
10,38,0,-40.6248,-54,1,1
10,40,0,20,20,1,1
10,42,0,-40.6248,-54,1,1
10,44,0,-46.6454,-60.0206,1,1
10,46,0,-50.1672,-63.5424,1,1
10,48,0,-52.666,-66.0412,1,0
10,50,0,-54.6042,-67.9794,1,0
10,52,0,-56.1878,-69.563,1,0
10,54,0,-57.5268,-70.902,1,0
10,56,0,-58.6866,-72.0618,1,0
10,58,0,-59.7097,-73.0849,1,0
10,60,0,-60.6248,-74,1,0
10,62,0,-61.4527,-74.8279,1,0
10,64,0,-62.2084,-75.5836,1,0
10,66,0,-62.9037,-76.2789,1,0
10,68,0,-63.5474,-76.9226,1,0
10,70,0,-64.1466,-77.5218,1,0
10,72,0,-64.7072,-78.0824,1,0
10,74,0,-65.2338,-78.609,0,0
10,76,0,-65.7303,-79.1055,0,0
10,78,0,-66.1999,-79.5751,0,0
12,0,0,-66.6563,-80.0314,0,0
12,2,0,-66.2119,-79.5871,0,0
12,4,0,-65.7437,-79.1188,0,0
12,6,0,-65.2488,-78.624,0,0
12,8,0,-64.7242,-78.0993,1,0
12,10,0,-64.1659,-77.5411,1,0
12,12,0,-63.5695,-76.9447,1,0
12,14,0,-62.9293,-76.3045,1,0
12,16,0,-62.2385,-75.6137,1,0
12,18,0,-61.4884,-74.8636,1,0
12,20,0,-60.668,-74.0432,1,0
12,22,0,-59.763,-73.1381,1,0
12,24,0,-58.754,-72.1291,1,0
12,26,0,-57.6145,-70.9897,1,0
12,28,0,-56.3068,-69.682,1,0
12,30,0,-54.7746,-68.1497,1,0
12,32,0,-52.9293,-66.3045,1,0
12,34,0,-50.6248,-64,1,1
12,36,0,-47.6145,-60.9897,1,1
12,38,0,-43.6351,-57.0103,1,1
12,40,0,-33.6248,-47,1,1
12,42,0,-43.6351,-57.0103,1,1
12,44,0,-47.6145,-60.9897,1,1
12,46,0,-50.6248,-64,1,1
12,48,0,-52.9293,-66.3045,1,0
12,50,0,-54.7746,-68.1497,1,0
12,52,0,-56.3068,-69.682,1,0
12,54,0,-57.6145,-70.9897,1,0
12,56,0,-58.754,-72.1291,1,0
12,58,0,-59.763,-73.1381,1,0
12,60,0,-60.668,-74.0432,1,0
12,62,0,-61.4884,-74.8636,1,0
12,64,0,-62.2385,-75.6137,1,0
12,66,0,-62.9293,-76.3045,1,0
12,68,0,-63.5695,-76.9447,1,0
12,70,0,-64.1659,-77.5411,1,0
12,72,0,-64.7242,-78.0993,1,0
12,74,0,-65.2488,-78.624,0,0
12,76,0,-65.7437,-79.1188,0,0
12,78,0,-66.2119,-79.5871,0,0
14,0,0,-66.6886,-80.0638,0,0
14,2,0,-66.2478,-79.6229,0,0
14,4,0,-65.7836,-79.1587,0,0
14,6,0,-65.2935,-78.6687,0,0
14,8,0,-64.7746,-78.1497,1,0
14,10,0,-64.2232,-77.5984,1,0
14,12,0,-63.6351,-77.0103,1,0
14,14,0,-63.0053,-76.3805,1,0
14,16,0,-62.3274,-75.7026,1,0
14,18,0,-61.5939,-74.9691,1,0
14,20,0,-60.7952,-74.1703,1,0
14,22,0,-59.919,-73.2942,1,0
14,24,0,-58.9499,-72.3251,1,0
14,26,0,-57.8676,-71.2428,1,0
14,28,0,-56.6454,-70.0206,1,0
14,30,0,-55.2488,-68.624,1,0
14,32,0,-53.6351,-67.0103,1,0
14,34,0,-51.7643,-65.1394,1,0
14,36,0,-49.6557,-63.0309,1,1
14,38,0,-54.6145,-67.9897,1,0
14,40,0,-39.6454,-53.0206,1,1
14,42,0,-54.6145,-67.9897,1,0
14,44,0,-49.6557,-63.0309,1,1
14,46,0,-51.7643,-65.1394,1,0
14,48,0,-53.6351,-67.0103,1,0
14,50,0,-55.2488,-68.624,1,0
14,52,0,-56.6454,-70.0206,1,0
14,54,0,-57.8676,-71.2428,1,0
14,56,0,-58.9499,-72.3251,1,0
14,58,0,-59.919,-73.2942,1,0
14,60,0,-60.7952,-74.1703,1,0
14,62,0,-61.5939,-74.9691,1,0
14,64,0,-62.3274,-75.7026,1,0
14,66,0,-63.0053,-76.3805,1,0
14,68,0,-63.6351,-77.0103,1,0
14,70,0,-64.2232,-77.5984,1,0
14,72,0,-64.7746,-78.1497,1,0
14,74,0,-65.2935,-78.6687,0,0
14,76,0,-65.7836,-79.1587,0,0
14,78,0,-66.2478,-79.6229,0,0
16,0,0,-72.1473,-85.5225,0,0
16,2,0,-71.7527,-85.1278,0,0
16,4,0,-71.3419,-84.7171,0,0
16,6,0,-70.914,-84.2892,0,0
16,8,0,-70.4678,-83.843,0,0
16,10,0,-70.0023,-83.3775,0,0
16,12,0,-57.5165,-70.8917,1,0
16,14,0,-57.0094,-70.3846,1,0
16,16,0,-56.4804,-69.8556,1,0
16,18,0,-55.9293,-69.3045,1,0
16,20,0,-55.3567,-68.7319,1,0
16,22,0,-54.7643,-68.1394,1,0
16,24,0,-54.1556,-67.5308,1,0
16,26,0,-60.5371,-73.9123,1,0
16,28,0,-59.919,-73.2942,1,0
16,30,0,-59.3171,-72.6923,1,0
16,32,0,-60.2539,-73.6291,1,0
16,34,0,-58.683,-72.0581,1,0
16,36,0,-57.0634,-70.4385,1,0
16,38,0,-56.9282,-70.3033,1,0
16,40,0,-43.1672,-56.5424,1,1
16,42,0,-56.9282,-70.3033,1,0
16,44,0,-57.0634,-70.4385,1,0
16,46,0,-58.683,-72.0581,1,0
16,48,0,-60.2539,-73.6291,1,0
16,50,0,-59.3171,-72.6923,1,0
16,52,0,-59.919,-73.2942,1,0
16,54,0,-60.5371,-73.9123,1,0
16,56,0,-54.1556,-67.5308,1,0
16,58,0,-54.7643,-68.1394,1,0
16,60,0,-55.3567,-68.7319,1,0
16,62,0,-55.9293,-69.3045,1,0
16,64,0,-56.4804,-69.8556,1,0
16,66,0,-57.0094,-70.3846,1,0
16,68,0,-57.5165,-70.8917,1,0
16,70,0,-70.0023,-83.3775,0,0
16,72,0,-70.4678,-83.843,0,0
16,74,0,-70.914,-84.2892,0,0
16,76,0,-71.3419,-84.7171,0,0
16,78,0,-71.7527,-85.1278,0,0
18,0,0,-72.6893,-86.0645,0,0
18,2,0,-72.2485,-85.6237,0,0
18,4,0,-71.1878,-84.563,0,0
18,6,0,-70.7437,-84.1188,0,0
18,8,0,-70.2787,-83.6538,0,0
18,10,0,-69.7912,-83.1664,0,0
18,12,0,-69.2797,-82.6549,0,0
18,14,0,-68.7424,-82.1175,0,0
18,16,0,-56.1775,-69.5527,1,0
18,18,0,-55.5838,-68.959,1,0
18,20,0,-54.9602,-68.3354,1,0
18,22,0,-54.3067,-67.6819,1,0
18,24,0,-53.6248,-67,1,0
18,26,0,-52.919,-66.2942,1,0
18,28,0,-59.1981,-72.5733,1,0
18,30,0,-58.4781,-71.8533,1,0
18,32,0,-57.7849,-71.16,1,0
18,34,0,-57.7851,-71.1603,1,0
18,36,0,-55.6895,-69.0647,1,0
18,38,0,-53.6685,-67.0437,1,0
18,40,0,-45.666,-59.0412,1,1
18,42,0,-53.6685,-67.0437,1,0
18,44,0,-55.6895,-69.0647,1,0
18,46,0,-57.7851,-71.1603,1,0
18,48,0,-57.7849,-71.16,1,0
18,50,0,-58.4781,-71.8533,1,0
18,52,0,-59.1981,-72.5733,1,0
18,54,0,-52.919,-66.2942,1,0
18,56,0,-53.6248,-67,1,0
18,58,0,-54.3067,-67.6819,1,0
18,60,0,-54.9602,-68.3354,1,0
18,62,0,-55.5838,-68.959,1,0
18,64,0,-56.1775,-69.5527,1,0
18,66,0,-68.7424,-82.1175,0,0
18,68,0,-69.2797,-82.6549,0,0
18,70,0,-69.7912,-83.1664,0,0
18,72,0,-70.2787,-83.6538,0,0
18,74,0,-70.7437,-84.1188,0,0
18,76,0,-71.1878,-84.563,0,0
18,78,0,-72.2485,-85.6237,0,0
20,0,0,-72.6785,-86.0537,0,0
20,2,0,-72.2366,-85.6118,0,0
20,4,0,-71.7711,-85.1463,0,0
20,6,0,-71.2796,-84.6548,0,0
20,8,0,-70.7589,-84.134,0,0
20,10,0,-69.6042,-82.9794,0,0
20,12,0,-69.0687,-82.4439,0,0
20,14,0,-68.5028,-81.878,0,0
20,16,0,-67.9037,-81.2789,0,0
20,18,0,-67.2684,-80.6435,0,0
20,20,0,-54.5939,-67.9691,1,0
20,22,0,-53.8779,-67.2531,1,0
20,24,0,-53.1187,-66.4939,1,0
20,26,0,-52.3171,-65.6923,1,0
20,28,0,-51.4781,-64.8533,1,1
20,30,0,-57.6145,-70.9897,1,0
20,32,0,-56.7527,-70.1278,1,0
20,34,0,-57.4392,-70.8144,1,0
20,36,0,-55.1144,-68.4896,1,0
20,38,0,-52.7128,-66.0879,1,0
20,40,0,-38.4856,-51.8608,1,1
20,42,0,-52.7128,-66.0879,1,0
20,44,0,-55.1144,-68.4896,1,0
20,46,0,-57.4392,-70.8144,1,0
20,48,0,-56.7527,-70.1278,1,0
20,50,0,-57.6145,-70.9897,1,0
20,52,0,-51.4781,-64.8533,1,1
20,54,0,-52.3171,-65.6923,1,0
20,56,0,-53.1187,-66.4939,1,0
20,58,0,-53.8779,-67.2531,1,0
20,60,0,-54.5939,-67.9691,1,0
20,62,0,-67.2684,-80.6435,0,0
20,64,0,-67.9037,-81.2789,0,0
20,66,0,-68.5028,-81.878,0,0
20,68,0,-69.0687,-82.4439,0,0
20,70,0,-69.6042,-82.9794,0,0
20,72,0,-70.7589,-84.134,0,0
20,74,0,-71.2796,-84.6548,0,0
20,76,0,-71.7711,-85.1463,0,0
20,78,0,-72.2366,-85.6118,0,0
22,0,0,-72.6893,-86.0645,0,0
22,2,0,-72.2485,-85.6237,0,0
22,4,0,-71.7844,-85.1596,0,0
22,6,0,-71.2944,-84.6696,0,0
22,8,0,-70.7756,-84.1508,0,0
22,10,0,-70.2244,-83.5995,0,0
22,12,0,-69.6365,-83.0117,0,0
22,14,0,-69.0069,-82.382,0,0
22,16,0,-67.666,-81.0412,0,0
22,18,0,-66.992,-80.3672,0,0
22,20,0,-66.2694,-79.6446,0,0
22,22,0,-65.4925,-78.8677,0,0
22,24,0,-52.6557,-66.0309,1,0
22,26,0,-51.754,-65.1291,1,0
22,28,0,-50.7849,-64.16,1,1
22,30,0,-49.7527,-63.1278,1,1
22,32,0,-55.6763,-69.0515,1,0
22,34,0,-54.6042,-67.9794,1,0
22,36,0,-55.6895,-69.0647,1,0
22,38,0,-53.6685,-67.0437,1,0
22,40,0,-45.666,-59.0412,1,1
22,42,0,-53.6685,-67.0437,1,0
22,44,0,-55.6895,-69.0647,1,0
22,46,0,-54.6042,-67.9794,1,0
22,48,0,-55.6763,-69.0515,1,0
22,50,0,-49.7527,-63.1278,1,1
22,52,0,-50.7849,-64.16,1,1
22,54,0,-51.754,-65.1291,1,0
22,56,0,-52.6557,-66.0309,1,0
22,58,0,-65.4925,-78.8677,0,0
22,60,0,-66.2694,-79.6446,0,0
22,62,0,-66.992,-80.3672,0,0
22,64,0,-67.666,-81.0412,0,0
22,66,0,-69.0069,-82.382,0,0
22,68,0,-69.6365,-83.0117,0,0
22,70,0,-70.2244,-83.5995,0,0
22,72,0,-70.7756,-84.1508,0,0
22,74,0,-71.2944,-84.6696,0,0
22,76,0,-71.7844,-85.1596,0,0
22,78,0,-72.2485,-85.6237,0,0
24,0,0,-72.7214,-86.0966,0,0
24,2,0,-72.284,-85.6592,0,0
24,4,0,-71.8239,-85.1991,0,0
24,6,0,-71.3387,-84.7138,0,0
24,8,0,-70.8254,-84.2006,0,0
24,10,0,-70.2809,-83.656,0,0
24,12,0,-69.7011,-83.0763,0,0
24,14,0,-69.0815,-82.4567,0,0
24,16,0,-68.4164,-81.7916,0,0
24,18,0,-67.699,-81.0742,0,0
24,20,0,-66.9212,-80.2964,0,0
24,22,0,-65.1672,-78.5424,0,0
24,24,0,-64.2581,-77.6332,1,0
24,26,0,-63.2591,-76.6343,1,0
24,28,0,-50.1569,-63.5321,1,1
24,30,0,-48.9396,-62.3148,1,1
24,32,0,-47.6042,-60.9794,1,1
24,34,0,-53.1775,-66.5527,1,0
24,36,0,-51.7643,-65.1394,1,0
24,38,0,-62.6895,-76.0647,1,0
24,40,0,-43.1672,-56.5424,1,1
24,42,0,-62.6895,-76.0647,1,0
24,44,0,-51.7643,-65.1394,1,0
24,46,0,-53.1775,-66.5527,1,0
24,48,0,-47.6042,-60.9794,1,1
24,50,0,-48.9396,-62.3148,1,1
24,52,0,-50.1569,-63.5321,1,1
24,54,0,-63.2591,-76.6343,1,0
24,56,0,-64.2581,-77.6332,1,0
24,58,0,-65.1672,-78.5424,0,0
24,60,0,-66.9212,-80.2964,0,0
24,62,0,-67.699,-81.0742,0,0
24,64,0,-68.4164,-81.7916,0,0
24,66,0,-69.0815,-82.4567,0,0
24,68,0,-69.7011,-83.0763,0,0
24,70,0,-70.2809,-83.656,0,0
24,72,0,-70.8254,-84.2006,0,0
24,74,0,-71.3387,-84.7138,0,0
24,76,0,-71.8239,-85.1991,0,0
24,78,0,-72.284,-85.6592,0,0
26,0,0,-72.7745,-86.1496,0,0
26,2,0,-72.3426,-85.7178,0,0
26,4,0,-71.889,-85.2642,0,0
26,6,0,-71.4114,-84.7866,0,0
26,8,0,-70.9072,-84.2824,0,0
26,10,0,-70.3735,-83.7486,0,0
26,12,0,-69.8068,-83.1819,0,0
26,14,0,-69.2031,-82.5783,0,0
26,16,0,-68.5578,-81.933,0,0
26,18,0,-67.76,-81.1352,0,0
26,20,0,-67.1194,-80.4946,0,0
26,22,0,-66.3126,-79.6877,0,0
26,24,0,-65.4365,-78.8117,0,0
26,26,0,-64.4826,-77.8577,1,0
26,28,0,-61.6454,-75.0206,1,0
26,30,0,-60.2488,-73.624,1,0
26,32,0,-46.6351,-60.0103,1,1
26,34,0,-44.7643,-58.1394,1,1
26,36,0,-49.6557,-63.0309,1,1
26,38,0,-54.6145,-67.9897,1,0
26,40,0,-39.6454,-53.0206,1,1
26,42,0,-54.6145,-67.9897,1,0
26,44,0,-49.6557,-63.0309,1,1
26,46,0,-44.7643,-58.1394,1,1
26,48,0,-46.6351,-60.0103,1,1
26,50,0,-60.2488,-73.624,1,0
26,52,0,-61.6454,-75.0206,1,0
26,54,0,-64.4826,-77.8577,1,0
26,56,0,-65.4365,-78.8117,0,0
26,58,0,-66.3126,-79.6877,0,0
26,60,0,-67.1194,-80.4946,0,0
26,62,0,-67.76,-81.1352,0,0
26,64,0,-68.5578,-81.933,0,0
26,66,0,-69.2031,-82.5783,0,0
26,68,0,-69.8068,-83.1819,0,0
26,70,0,-70.3735,-83.7486,0,0
26,72,0,-70.9072,-84.2824,0,0
26,74,0,-71.4114,-84.7866,0,0
26,76,0,-71.889,-85.2642,0,0
26,78,0,-72.3426,-85.7178,0,0
28,0,0,-72.8476,-86.2228,0,0
28,2,0,-72.4234,-85.7986,0,0
28,4,0,-71.9786,-85.3537,0,0
28,6,0,-71.5112,-84.8864,0,0
28,8,0,-71.0191,-84.3943,0,0
28,10,0,-70.4998,-83.875,0,0
28,12,0,-69.9505,-83.3256,0,0
28,14,0,-69.1176,-82.4928,0,0
28,16,0,-68.6024,-81.9776,0,0
28,18,0,-68.0676,-81.4428,0,0
28,20,0,-67.3826,-80.7577,0,0
28,22,0,-66.6275,-80.0027,0,0
28,24,0,-65.8189,-79.194,0,0
28,26,0,-64.9539,-78.3291,1,0
28,28,0,-64.0334,-77.4086,1,0
28,30,0,-63.0655,-76.4407,1,0
28,32,0,-62.0733,-75.4484,1,0
28,34,0,-55.6248,-69,1,0
28,36,0,-40.6145,-53.9897,1,1
28,38,0,-43.6351,-57.0103,1,1
28,40,0,-33.6248,-47,1,1
28,42,0,-43.6351,-57.0103,1,1
28,44,0,-40.6145,-53.9897,1,1
28,46,0,-55.6248,-69,1,0
28,48,0,-62.0733,-75.4484,1,0
28,50,0,-63.0655,-76.4407,1,0
28,52,0,-64.0334,-77.4086,1,0
28,54,0,-64.9539,-78.3291,1,0
28,56,0,-65.8189,-79.194,0,0
28,58,0,-66.6275,-80.0027,0,0
28,60,0,-67.3826,-80.7577,0,0
28,62,0,-68.0676,-81.4428,0,0
28,64,0,-68.6024,-81.9776,0,0
28,66,0,-69.1176,-82.4928,0,0
28,68,0,-69.9505,-83.3256,0,0
28,70,0,-70.4998,-83.875,0,0
28,72,0,-71.0191,-84.3943,0,0
28,74,0,-71.5112,-84.8864,0,0
28,76,0,-71.9786,-85.3537,0,0
28,78,0,-72.4234,-85.7986,0,0
30,0,0,-84.9399,-98.3151,0,0
30,2,0,-84.525,-97.9002,0,0
30,4,0,-84.091,-97.4662,0,0
30,6,0,-83.6363,-97.0114,0,0
30,8,0,-83.159,-96.5341,0,0
30,10,0,-82.3009,-95.6761,0,0
30,12,0,-81.8491,-95.2243,0,0
30,14,0,-81.3815,-94.7566,0,0
30,16,0,-80.8984,-94.2736,0,0
30,18,0,-80.3585,-93.7337,0,0
30,20,0,-79.699,-93.0742,0,0
30,22,0,-79.0016,-92.3768,0,0
30,24,0,-78.2657,-91.6408,0,0
30,26,0,-77.4933,-90.8684,0,0
30,28,0,-76.6909,-90.066,0,0
30,30,0,-75.8727,-89.2479,0,0
30,32,0,-75.0655,-88.4407,0,0
30,34,0,-79.0182,-92.3933,0,0
30,36,0,-75.6454,-89.0206,0,0
30,38,0,-45.6248,-59,1,1
30,40,0,20,20,1,1
30,42,0,-45.6248,-59,1,1
30,44,0,-75.6454,-89.0206,0,0
30,46,0,-79.0182,-92.3933,0,0
30,48,0,-75.0655,-88.4407,0,0
30,50,0,-75.8727,-89.2479,0,0
30,52,0,-76.6909,-90.066,0,0
30,54,0,-77.4933,-90.8684,0,0
30,56,0,-78.2657,-91.6408,0,0
30,58,0,-79.0016,-92.3768,0,0
30,60,0,-79.699,-93.0742,0,0
30,62,0,-80.3585,-93.7337,0,0
30,64,0,-80.8984,-94.2736,0,0
30,66,0,-81.3815,-94.7566,0,0
30,68,0,-81.8491,-95.2243,0,0
30,70,0,-82.3009,-95.6761,0,0
30,72,0,-83.159,-96.5341,0,0
30,74,0,-83.6363,-97.0114,0,0
30,76,0,-84.091,-97.4662,0,0
30,78,0,-84.525,-97.9002,0,0
32,0,0,-72.8476,-86.2228,0,0
32,2,0,-72.4234,-85.7986,0,0
32,4,0,-71.9786,-85.3537,0,0
32,6,0,-71.5112,-84.8864,0,0
32,8,0,-71.0191,-84.3943,0,0
32,10,0,-70.4998,-83.875,0,0
32,12,0,-69.9505,-83.3256,0,0
32,14,0,-69.3678,-82.743,0,0
32,16,0,-68.7484,-82.1235,0,0
32,18,0,-68.088,-81.4632,0,0
32,20,0,-67.3826,-80.7577,0,0
32,22,0,-66.6275,-80.0027,0,0
32,24,0,-65.8189,-79.194,0,0
32,26,0,-64.9539,-78.3291,1,0
32,28,0,-64.0334,-77.4086,1,0
32,30,0,-63.0655,-76.4407,1,0
32,32,0,-62.0733,-75.4484,1,0
32,34,0,-55.6248,-69,1,0
32,36,0,-40.6145,-53.9897,1,1
32,38,0,-43.6351,-57.0103,1,1
32,40,0,-33.6248,-47,1,1
32,42,0,-43.6351,-57.0103,1,1
32,44,0,-40.6145,-53.9897,1,1
32,46,0,-55.6248,-69,1,0
32,48,0,-62.0733,-75.4484,1,0
32,50,0,-63.0655,-76.4407,1,0
32,52,0,-64.0334,-77.4086,1,0
32,54,0,-64.9539,-78.3291,1,0
32,56,0,-65.8189,-79.194,0,0
32,58,0,-66.6275,-80.0027,0,0
32,60,0,-67.3826,-80.7577,0,0
32,62,0,-68.088,-81.4632,0,0
32,64,0,-68.7484,-82.1235,0,0
32,66,0,-69.3678,-82.743,0,0
32,68,0,-69.9505,-83.3256,0,0
32,70,0,-70.4998,-83.875,0,0
32,72,0,-71.0191,-84.3943,0,0
32,74,0,-71.5112,-84.8864,0,0
32,76,0,-71.9786,-85.3537,0,0
32,78,0,-72.4234,-85.7986,0,0
34,0,0,-72.7745,-86.1496,0,0
34,2,0,-72.3426,-85.7178,0,0
34,4,0,-71.889,-85.2642,0,0
34,6,0,-71.4114,-84.7866,0,0
34,8,0,-70.9072,-84.2824,0,0
34,10,0,-70.3735,-83.7486,0,0
34,12,0,-69.8068,-83.1819,0,0
34,14,0,-69.2031,-82.5783,0,0
34,16,0,-68.5578,-81.933,0,0
34,18,0,-67.8654,-81.2406,0,0
34,20,0,-67.1194,-80.4946,0,0
34,22,0,-66.3126,-79.6877,0,0
34,24,0,-65.4365,-78.8117,0,0
34,26,0,-64.4826,-77.8577,1,0
34,28,0,-61.6454,-75.0206,1,0
34,30,0,-60.2488,-73.624,1,0
34,32,0,-46.6351,-60.0103,1,1
34,34,0,-44.7643,-58.1394,1,1
34,36,0,-49.6557,-63.0309,1,1
34,38,0,-54.6145,-67.9897,1,0
34,40,0,-39.6454,-53.0206,1,1
34,42,0,-54.6145,-67.9897,1,0
34,44,0,-49.6557,-63.0309,1,1
34,46,0,-44.7643,-58.1394,1,1
34,48,0,-46.6351,-60.0103,1,1
34,50,0,-60.2488,-73.624,1,0
34,52,0,-61.6454,-75.0206,1,0
34,54,0,-64.4826,-77.8577,1,0
34,56,0,-65.4365,-78.8117,0,0
34,58,0,-66.3126,-79.6877,0,0
34,60,0,-67.1194,-80.4946,0,0
34,62,0,-67.8654,-81.2406,0,0
34,64,0,-68.5578,-81.933,0,0
34,66,0,-69.2031,-82.5783,0,0
34,68,0,-69.8068,-83.1819,0,0
34,70,0,-70.3735,-83.7486,0,0
34,72,0,-70.9072,-84.2824,0,0
34,74,0,-71.4114,-84.7866,0,0
34,76,0,-71.889,-85.2642,0,0
34,78,0,-72.3426,-85.7178,0,0
36,0,0,-72.7214,-86.0966,0,0
36,2,0,-72.284,-85.6592,0,0
36,4,0,-71.8239,-85.1991,0,0
36,6,0,-71.3387,-84.7138,0,0
36,8,0,-70.8254,-84.2006,0,0
36,10,0,-70.2809,-83.656,0,0
36,12,0,-69.7011,-83.0763,0,0
36,14,0,-69.0815,-82.4567,0,0
36,16,0,-68.4164,-81.7916,0,0
36,18,0,-67.699,-81.0742,0,0
36,20,0,-66.9212,-80.2964,0,0
36,22,0,-65.1672,-78.5424,0,0
36,24,0,-64.2581,-77.6332,1,0
36,26,0,-63.2591,-76.6343,1,0
36,28,0,-50.1569,-63.5321,1,1
36,30,0,-48.9396,-62.3148,1,1
36,32,0,-47.6042,-60.9794,1,1
36,34,0,-53.1775,-66.5527,1,0
36,36,0,-51.7643,-65.1394,1,0
36,38,0,-62.6895,-76.0647,1,0
36,40,0,-43.1672,-56.5424,1,1
36,42,0,-62.6895,-76.0647,1,0
36,44,0,-51.7643,-65.1394,1,0
36,46,0,-53.1775,-66.5527,1,0
36,48,0,-47.6042,-60.9794,1,1
36,50,0,-48.9396,-62.3148,1,1
36,52,0,-50.1569,-63.5321,1,1
36,54,0,-63.2591,-76.6343,1,0
36,56,0,-64.2581,-77.6332,1,0
36,58,0,-65.1672,-78.5424,0,0
36,60,0,-66.9212,-80.2964,0,0
36,62,0,-67.699,-81.0742,0,0
36,64,0,-68.4164,-81.7916,0,0
36,66,0,-69.0815,-82.4567,0,0
36,68,0,-69.7011,-83.0763,0,0
36,70,0,-70.2809,-83.656,0,0
36,72,0,-70.8254,-84.2006,0,0
36,74,0,-71.3387,-84.7138,0,0
36,76,0,-71.8239,-85.1991,0,0
36,78,0,-72.284,-85.6592,0,0
38,0,0,-72.6893,-86.0645,0,0
38,2,0,-72.2485,-85.6237,0,0
38,4,0,-71.7844,-85.1596,0,0
38,6,0,-71.2944,-84.6696,0,0
38,8,0,-70.7756,-84.1508,0,0
38,10,0,-70.2244,-83.5995,0,0
38,12,0,-69.6365,-83.0117,0,0
38,14,0,-69.0069,-82.382,0,0
38,16,0,-67.666,-81.0412,0,0
38,18,0,-66.992,-80.3672,0,0
38,20,0,-66.2694,-79.6446,0,0
38,22,0,-65.4925,-78.8677,0,0
38,24,0,-52.6557,-66.0309,1,0
38,26,0,-51.754,-65.1291,1,0
38,28,0,-50.7849,-64.16,1,1
38,30,0,-49.7527,-63.1278,1,1
38,32,0,-55.6763,-69.0515,1,0
38,34,0,-54.6042,-67.9794,1,0
38,36,0,-55.6895,-69.0647,1,0
38,38,0,-53.6685,-67.0437,1,0
38,40,0,-45.666,-59.0412,1,1
38,42,0,-53.6685,-67.0437,1,0
38,44,0,-55.6895,-69.0647,1,0
38,46,0,-54.6042,-67.9794,1,0
38,48,0,-55.6763,-69.0515,1,0
38,50,0,-49.7527,-63.1278,1,1
38,52,0,-50.7849,-64.16,1,1
38,54,0,-51.754,-65.1291,1,0
38,56,0,-52.6557,-66.0309,1,0
38,58,0,-65.4925,-78.8677,0,0
38,60,0,-66.2694,-79.6446,0,0
38,62,0,-66.992,-80.3672,0,0
38,64,0,-67.666,-81.0412,0,0
38,66,0,-69.0069,-82.382,0,0
38,68,0,-69.6365,-83.0117,0,0
38,70,0,-70.2244,-83.5995,0,0
38,72,0,-70.7756,-84.1508,0,0
38,74,0,-71.2944,-84.6696,0,0
38,76,0,-71.7844,-85.1596,0,0
38,78,0,-72.2485,-85.6237,0,0
40,0,0,-84.6785,-98.0537,0,0
40,2,0,-72.2366,-85.6118,0,0
40,4,0,-71.7711,-85.1463,0,0
40,6,0,-71.2796,-84.6548,0,0
40,8,0,-70.7589,-84.134,0,0
40,10,0,-69.6042,-82.9794,0,0
40,12,0,-69.0687,-82.4439,0,0
40,14,0,-68.5028,-81.878,0,0
40,16,0,-67.9037,-81.2789,0,0
40,18,0,-67.2684,-80.6435,0,0
40,20,0,-54.5939,-67.9691,1,0
40,22,0,-53.8779,-67.2531,1,0
40,24,0,-53.1187,-66.4939,1,0
40,26,0,-52.3171,-65.6923,1,0
40,28,0,-51.4781,-64.8533,1,1
40,30,0,-57.6145,-70.9897,1,0
40,32,0,-56.7527,-70.1278,1,0
40,34,0,-57.4392,-70.8144,1,0
40,36,0,-55.1144,-68.4896,1,0
40,38,0,-52.7128,-66.0879,1,0
40,40,0,-38.4856,-51.8608,1,1
40,42,0,-52.7128,-66.0879,1,0
40,44,0,-55.1144,-68.4896,1,0
40,46,0,-57.4392,-70.8144,1,0
40,48,0,-56.7527,-70.1278,1,0
40,50,0,-57.6145,-70.9897,1,0
40,52,0,-51.4781,-64.8533,1,1
40,54,0,-52.3171,-65.6923,1,0
40,56,0,-53.1187,-66.4939,1,0
40,58,0,-53.8779,-67.2531,1,0
40,60,0,-54.5939,-67.9691,1,0
40,62,0,-67.2684,-80.6435,0,0
40,64,0,-67.9037,-81.2789,0,0
40,66,0,-68.5028,-81.878,0,0
40,68,0,-69.0687,-82.4439,0,0
40,70,0,-69.6042,-82.9794,0,0
40,72,0,-70.7589,-84.134,0,0
40,74,0,-71.2796,-84.6548,0,0
40,76,0,-71.7711,-85.1463,0,0
40,78,0,-72.2366,-85.6118,0,0
42,0,0,-72.6893,-86.0645,0,0
42,2,0,-72.2485,-85.6237,0,0
42,4,0,-71.1878,-84.563,0,0
42,6,0,-70.7437,-84.1188,0,0
42,8,0,-70.2787,-83.6538,0,0
42,10,0,-69.7912,-83.1664,0,0
42,12,0,-69.2797,-82.6549,0,0
42,14,0,-68.7424,-82.1175,0,0
42,16,0,-56.1775,-69.5527,1,0
42,18,0,-55.5838,-68.959,1,0
42,20,0,-54.9602,-68.3354,1,0
42,22,0,-54.3067,-67.6819,1,0
42,24,0,-53.6248,-67,1,0
42,26,0,-52.919,-66.2942,1,0
42,28,0,-59.1981,-72.5733,1,0
42,30,0,-58.4781,-71.8533,1,0
42,32,0,-57.7849,-71.16,1,0
42,34,0,-57.7851,-71.1603,1,0
42,36,0,-55.6895,-69.0647,1,0
42,38,0,-53.6685,-67.0437,1,0
42,40,0,-45.666,-59.0412,1,1
42,42,0,-53.6685,-67.0437,1,0
42,44,0,-55.6895,-69.0647,1,0
42,46,0,-57.7851,-71.1603,1,0
42,48,0,-57.7849,-71.16,1,0
42,50,0,-58.4781,-71.8533,1,0
42,52,0,-59.1981,-72.5733,1,0
42,54,0,-52.919,-66.2942,1,0
42,56,0,-53.6248,-67,1,0
42,58,0,-54.3067,-67.6819,1,0
42,60,0,-54.9602,-68.3354,1,0
42,62,0,-55.5838,-68.959,1,0
42,64,0,-56.1775,-69.5527,1,0
42,66,0,-68.7424,-82.1175,0,0
42,68,0,-69.2797,-82.6549,0,0
42,70,0,-69.7912,-83.1664,0,0
42,72,0,-70.2787,-83.6538,0,0
42,74,0,-70.7437,-84.1188,0,0
42,76,0,-71.1878,-84.563,0,0
42,78,0,-72.2485,-85.6237,0,0
44,0,0,-72.1473,-85.5225,0,0
44,2,0,-71.7527,-85.1278,0,0
44,4,0,-71.3419,-84.7171,0,0
44,6,0,-70.914,-84.2892,0,0
44,8,0,-70.4678,-83.843,0,0
44,10,0,-70.0023,-83.3775,0,0
44,12,0,-57.5165,-70.8917,1,0
44,14,0,-57.0094,-70.3846,1,0
44,16,0,-56.4804,-69.8556,1,0
44,18,0,-55.9293,-69.3045,1,0
44,20,0,-55.3567,-68.7319,1,0
44,22,0,-54.7643,-68.1394,1,0
44,24,0,-54.1556,-67.5308,1,0
44,26,0,-60.5371,-73.9123,1,0
44,28,0,-59.919,-73.2942,1,0
44,30,0,-59.3171,-72.6923,1,0
44,32,0,-60.2539,-73.6291,1,0
44,34,0,-58.683,-72.0581,1,0
44,36,0,-57.0634,-70.4385,1,0
44,38,0,-57.6248,-71,1,0
44,40,0,-43.1672,-56.5424,1,1
44,42,0,-57.6248,-71,1,0
44,44,0,-57.0634,-70.4385,1,0
44,46,0,-58.683,-72.0581,1,0
44,48,0,-60.2539,-73.6291,1,0
44,50,0,-59.3171,-72.6923,1,0
44,52,0,-59.919,-73.2942,1,0
44,54,0,-60.5371,-73.9123,1,0
44,56,0,-54.1556,-67.5308,1,0
44,58,0,-54.7643,-68.1394,1,0
44,60,0,-55.3567,-68.7319,1,0
44,62,0,-55.9293,-69.3045,1,0
44,64,0,-56.4804,-69.8556,1,0
44,66,0,-57.0094,-70.3846,1,0
44,68,0,-57.5165,-70.8917,1,0
44,70,0,-70.0023,-83.3775,0,0
44,72,0,-70.4678,-83.843,0,0
44,74,0,-70.914,-84.2892,0,0
44,76,0,-71.3419,-84.7171,0,0
44,78,0,-71.7527,-85.1278,0,0
46,0,0,-66.6886,-80.0638,0,0
46,2,0,-66.2478,-79.6229,0,0
46,4,0,-65.7836,-79.1587,0,0
46,6,0,-65.2935,-78.6687,0,0
46,8,0,-64.7746,-78.1497,1,0
46,10,0,-64.2232,-77.5984,1,0
46,12,0,-63.5704,-76.9456,1,0
46,14,0,-63.0053,-76.3805,1,0
46,16,0,-62.3274,-75.7026,1,0
46,18,0,-61.5939,-74.9691,1,0
46,20,0,-60.7952,-74.1703,1,0
46,22,0,-59.919,-73.2942,1,0
46,24,0,-58.9499,-72.3251,1,0
46,26,0,-57.8676,-71.2428,1,0
46,28,0,-56.6454,-70.0206,1,0
46,30,0,-55.2488,-68.624,1,0
46,32,0,-53.6351,-67.0103,1,0
46,34,0,-51.7643,-65.1394,1,0
46,36,0,-49.6557,-63.0309,1,1
46,38,0,-54.6145,-67.9897,1,0
46,40,0,-39.6454,-53.0206,1,1
46,42,0,-54.6145,-67.9897,1,0
46,44,0,-49.6557,-63.0309,1,1
46,46,0,-51.7643,-65.1394,1,0
46,48,0,-53.6351,-67.0103,1,0
46,50,0,-55.2488,-68.624,1,0
46,52,0,-56.6454,-70.0206,1,0
46,54,0,-57.8676,-71.2428,1,0
46,56,0,-58.9499,-72.3251,1,0
46,58,0,-59.919,-73.2942,1,0
46,60,0,-60.7952,-74.1703,1,0
46,62,0,-61.5939,-74.9691,1,0
46,64,0,-62.3274,-75.7026,1,0
46,66,0,-63.0053,-76.3805,1,0
46,68,0,-63.5704,-76.9456,1,0
46,70,0,-64.2232,-77.5984,1,0
46,72,0,-64.7746,-78.1497,1,0
46,74,0,-65.2935,-78.6687,0,0
46,76,0,-65.7836,-79.1587,0,0
46,78,0,-66.2478,-79.6229,0,0
48,0,0,-66.6563,-80.0314,0,0
48,2,0,-66.2119,-79.5871,0,0
48,4,0,-65.7437,-79.1188,0,0
48,6,0,-65.2488,-78.624,0,0
48,8,0,-64.7242,-78.0993,1,0
48,10,0,-64.1659,-77.5411,1,0
48,12,0,-63.5695,-76.9447,1,0
48,14,0,-62.9293,-76.3045,1,0
48,16,0,-62.2385,-75.6137,1,0
48,18,0,-61.4884,-74.8636,1,0
48,20,0,-60.668,-74.0432,1,0
48,22,0,-59.763,-73.1381,1,0
48,24,0,-58.754,-72.1291,1,0
48,26,0,-57.6145,-70.9897,1,0
48,28,0,-56.3068,-69.682,1,0
48,30,0,-54.7746,-68.1497,1,0
48,32,0,-52.9293,-66.3045,1,0
48,34,0,-50.6248,-64,1,1
48,36,0,-47.6145,-60.9897,1,1
48,38,0,-43.6351,-57.0103,1,1
48,40,0,-33.6248,-47,1,1
48,42,0,-43.6351,-57.0103,1,1
48,44,0,-47.6145,-60.9897,1,1
48,46,0,-50.6248,-64,1,1
48,48,0,-52.9293,-66.3045,1,0
48,50,0,-54.7746,-68.1497,1,0
48,52,0,-56.3068,-69.682,1,0
48,54,0,-57.6145,-70.9897,1,0
48,56,0,-58.754,-72.1291,1,0
48,58,0,-59.763,-73.1381,1,0
48,60,0,-60.668,-74.0432,1,0
48,62,0,-61.4884,-74.8636,1,0
48,64,0,-62.2385,-75.6137,1,0
48,66,0,-62.9293,-76.3045,1,0
48,68,0,-63.5695,-76.9447,1,0
48,70,0,-64.1659,-77.5411,1,0
48,72,0,-64.7242,-78.0993,1,0
48,74,0,-65.2488,-78.624,0,0
48,76,0,-65.7437,-79.1188,0,0
48,78,0,-66.2119,-79.5871,0,0
50,0,0,-66.6454,-80.0206,0,0
50,2,0,-66.1999,-79.5751,0,0
50,4,0,-65.7303,-79.1055,0,0
50,6,0,-65.2338,-78.609,0,0
50,8,0,-64.7072,-78.0824,1,0
50,10,0,-64.1466,-77.5218,1,0
50,12,0,-63.5474,-76.9226,1,0
50,14,0,-62.9037,-76.2789,1,0
50,16,0,-62.2084,-75.5836,1,0
50,18,0,-61.4527,-74.8279,1,0
50,20,0,-60.6248,-74,1,0
50,22,0,-59.7097,-73.0849,1,0
50,24,0,-58.6866,-72.0618,1,0
50,26,0,-57.5268,-70.902,1,0
50,28,0,-56.1878,-69.563,1,0
50,30,0,-54.6042,-67.9794,1,0
50,32,0,-52.666,-66.0412,1,0
50,34,0,-50.1672,-63.5424,1,1
50,36,0,-46.6454,-60.0206,1,1
50,38,0,-40.6248,-54,1,1
50,40,0,20,20,1,1
50,42,0,-40.6248,-54,1,1
50,44,0,-46.6454,-60.0206,1,1
50,46,0,-50.1672,-63.5424,1,1
50,48,0,-52.666,-66.0412,1,0
50,50,0,-54.6042,-67.9794,1,0
50,52,0,-56.1878,-69.563,1,0
50,54,0,-57.5268,-70.902,1,0
50,56,0,-58.6866,-72.0618,1,0
50,58,0,-59.7097,-73.0849,1,0
50,60,0,-60.6248,-74,1,0
50,62,0,-61.4527,-74.8279,1,0
50,64,0,-62.2084,-75.5836,1,0
50,66,0,-62.9037,-76.2789,1,0
50,68,0,-63.5474,-76.9226,1,0
50,70,0,-64.1466,-77.5218,1,0
50,72,0,-64.7072,-78.0824,1,0
50,74,0,-65.2338,-78.609,0,0
50,76,0,-65.7303,-79.1055,0,0
50,78,0,-66.1999,-79.5751,0,0
52,0,0,-66.6563,-80.0314,0,0
52,2,0,-66.2119,-79.5871,0,0
52,4,0,-65.7437,-79.1188,0,0
52,6,0,-65.2488,-78.624,0,0
52,8,0,-64.7242,-78.0993,1,0
52,10,0,-64.1659,-77.5411,1,0
52,12,0,-63.5695,-76.9447,1,0
52,14,0,-62.9293,-76.3045,1,0
52,16,0,-62.2385,-75.6137,1,0
52,18,0,-61.4884,-74.8636,1,0
52,20,0,-60.668,-74.0432,1,0
52,22,0,-59.763,-73.1381,1,0
52,24,0,-58.754,-72.1291,1,0
52,26,0,-57.6145,-70.9897,1,0
52,28,0,-56.3068,-69.682,1,0
52,30,0,-54.7746,-68.1497,1,0
52,32,0,-52.9293,-66.3045,1,0
52,34,0,-50.6248,-64,1,1
52,36,0,-47.6145,-60.9897,1,1
52,38,0,-43.6351,-57.0103,1,1
52,40,0,-33.6248,-47,1,1
52,42,0,-43.6351,-57.0103,1,1
52,44,0,-47.6145,-60.9897,1,1
52,46,0,-50.6248,-64,1,1
52,48,0,-52.9293,-66.3045,1,0
52,50,0,-54.7746,-68.1497,1,0
52,52,0,-56.3068,-69.682,1,0
52,54,0,-57.6145,-70.9897,1,0
52,56,0,-58.754,-72.1291,1,0
52,58,0,-59.763,-73.1381,1,0
52,60,0,-60.668,-74.0432,1,0
52,62,0,-61.4884,-74.8636,1,0
52,64,0,-62.2385,-75.6137,1,0
52,66,0,-62.9293,-76.3045,1,0
52,68,0,-63.5695,-76.9447,1,0
52,70,0,-64.1659,-77.5411,1,0
52,72,0,-64.7242,-78.0993,1,0
52,74,0,-65.2488,-78.624,0,0
52,76,0,-65.7437,-79.1188,0,0
52,78,0,-66.2119,-79.5871,0,0
54,0,0,-66.6886,-80.0638,0,0
54,2,0,-66.2478,-79.6229,0,0
54,4,0,-65.7836,-79.1587,0,0
54,6,0,-65.2935,-78.6687,0,0
54,8,0,-64.7746,-78.1497,1,0
54,10,0,-64.2232,-77.5984,1,0
54,12,0,-63.6351,-77.0103,1,0
54,14,0,-63.0053,-76.3805,1,0
54,16,0,-62.3274,-75.7026,1,0
54,18,0,-61.5939,-74.9691,1,0
54,20,0,-60.7952,-74.1703,1,0
54,22,0,-59.919,-73.2942,1,0
54,24,0,-58.9499,-72.3251,1,0
54,26,0,-57.8676,-71.2428,1,0
54,28,0,-56.4429,-69.8181,1,0
54,30,0,-55.2488,-68.624,1,0
54,32,0,-53.6351,-67.0103,1,0
54,34,0,-51.7643,-65.1394,1,0
54,36,0,-49.6557,-63.0309,1,1
54,38,0,-54.6145,-67.9897,1,0
54,40,0,-39.6454,-53.0206,1,1
54,42,0,-54.6145,-67.9897,1,0
54,44,0,-49.6557,-63.0309,1,1
54,46,0,-51.7643,-65.1394,1,0
54,48,0,-53.6351,-67.0103,1,0
54,50,0,-55.2488,-68.624,1,0
54,52,0,-56.4429,-69.8181,1,0
54,54,0,-57.8676,-71.2428,1,0
54,56,0,-58.9499,-72.3251,1,0
54,58,0,-59.919,-73.2942,1,0
54,60,0,-60.7952,-74.1703,1,0
54,62,0,-61.5939,-74.9691,1,0
54,64,0,-62.3274,-75.7026,1,0
54,66,0,-63.0053,-76.3805,1,0
54,68,0,-63.6351,-77.0103,1,0
54,70,0,-64.2232,-77.5984,1,0
54,72,0,-64.7746,-78.1497,1,0
54,74,0,-65.2935,-78.6687,0,0
54,76,0,-65.7836,-79.1587,0,0
54,78,0,-66.2478,-79.6229,0,0
56,0,0,-66.7421,-80.1172,0,0
56,2,0,-66.3068,-79.682,0,0
56,4,0,-65.8493,-79.2244,0,0
56,6,0,-65.367,-78.7422,0,0
56,8,0,-64.8573,-78.2325,1,0
56,10,0,-64.317,-77.6922,1,0
56,12,0,-63.7424,-77.1175,1,0
56,14,0,-63.129,-76.5042,1,0
56,16,0,-62.4717,-75.8469,1,0
56,18,0,-61.7643,-75.1394,1,0
56,20,0,-60.9991,-74.3743,1,0
56,22,0,-60.1672,-73.5424,1,0
56,24,0,-59.2581,-72.6332,1,0
56,26,0,-58.2591,-71.6343,1,0
56,28,0,-57.1569,-70.5321,1,0
56,30,0,-55.9396,-69.3148,1,0
56,32,0,-53.2539,-66.6291,1,0
56,34,0,-51.683,-65.0581,1,0
56,36,0,-51.7643,-65.1394,1,0
56,38,0,-62.6895,-76.0647,1,0
56,40,0,-43.1672,-56.5424,1,1
56,42,0,-62.6895,-76.0647,1,0
56,44,0,-51.7643,-65.1394,1,0
56,46,0,-51.683,-65.0581,1,0
56,48,0,-53.2539,-66.6291,1,0
56,50,0,-55.9396,-69.3148,1,0
56,52,0,-57.1569,-70.5321,1,0
56,54,0,-58.2591,-71.6343,1,0
56,56,0,-59.2581,-72.6332,1,0
56,58,0,-60.1672,-73.5424,1,0
56,60,0,-60.9991,-74.3743,1,0
56,62,0,-61.7643,-75.1394,1,0
56,64,0,-62.4717,-75.8469,1,0
56,66,0,-63.129,-76.5042,1,0
56,68,0,-63.7424,-77.1175,1,0
56,70,0,-64.317,-77.6922,1,0
56,72,0,-64.8573,-78.2325,1,0
56,74,0,-65.367,-78.7422,0,0
56,76,0,-65.8493,-79.2244,0,0
56,78,0,-66.3068,-79.682,0,0
58,0,0,-66.8158,-80.1909,0,0
58,2,0,-66.3882,-79.7634,0,0
58,4,0,-65.9396,-79.3148,0,0
58,6,0,-65.4678,-78.843,0,0
58,8,0,-64.9705,-78.3457,1,0
58,10,0,-64.445,-77.8202,1,0
58,12,0,-63.8882,-77.2634,1,0
58,14,0,-63.2965,-76.6717,1,0
58,16,0,-62.666,-76.0412,1,0
58,18,0,-61.992,-75.3672,1,0
58,20,0,-61.2694,-74.6446,1,0
58,22,0,-60.4925,-73.8677,1,0
58,24,0,-59.6557,-73.0309,1,0
58,26,0,-58.754,-72.1291,1,0
58,28,0,-57.7849,-71.16,1,0
58,30,0,-56.7527,-70.1278,1,0
58,32,0,-55.6763,-69.0515,1,0
58,34,0,-54.6042,-67.9794,1,0
58,36,0,-48.6895,-62.0647,1,1
58,38,0,-53.6685,-67.0437,1,0
58,40,0,-45.666,-59.0412,1,1
58,42,0,-53.6685,-67.0437,1,0
58,44,0,-48.6895,-62.0647,1,1
58,46,0,-54.6042,-67.9794,1,0
58,48,0,-55.6763,-69.0515,1,0
58,50,0,-56.7527,-70.1278,1,0
58,52,0,-57.7849,-71.16,1,0
58,54,0,-58.754,-72.1291,1,0
58,56,0,-59.6557,-73.0309,1,0
58,58,0,-60.4925,-73.8677,1,0
58,60,0,-61.2694,-74.6446,1,0
58,62,0,-61.992,-75.3672,1,0
58,64,0,-62.666,-76.0412,1,0
58,66,0,-63.2965,-76.6717,1,0
58,68,0,-63.8882,-77.2634,1,0
58,70,0,-64.445,-77.8202,1,0
58,72,0,-64.9705,-78.3457,1,0
58,74,0,-65.4678,-78.843,0,0
58,76,0,-65.9396,-79.3148,0,0
58,78,0,-66.3882,-79.7634,0,0
60,0,0,-78.9087,-92.2839,0,0
60,2,0,-78.4907,-91.8659,0,0
60,4,0,-78.0531,-91.4283,0,0
60,6,0,-77.5941,-90.9693,0,0
60,8,0,-77.1119,-90.4871,0,0
60,10,0,-76.6042,-89.9794,0,0
60,12,0,-76.0687,-89.4439,0,0
60,14,0,-75.5028,-88.878,0,0
60,16,0,-74.9037,-88.2789,0,0
60,18,0,-74.2684,-87.6435,0,0
60,20,0,-73.5939,-86.9691,0,0
60,22,0,-72.8779,-86.2531,0,0
60,24,0,-72.1187,-85.4939,0,0
60,26,0,-71.3171,-84.6923,0,0
60,28,0,-70.4781,-83.8533,0,0
60,30,0,-69.6145,-82.9897,0,0
60,32,0,-68.7527,-82.1278,0,0
60,34,0,-74.9396,-88.3148,0,0
60,36,0,-74.2488,-87.624,0,0
60,38,0,-57.7128,-71.0879,1,0
60,40,0,-38.4856,-51.8608,1,1
60,42,0,-57.7128,-71.0879,1,0
60,44,0,-74.2488,-87.624,0,0
60,46,0,-74.9396,-88.3148,0,0
60,48,0,-68.7527,-82.1278,0,0
60,50,0,-69.6145,-82.9897,0,0
60,52,0,-70.4781,-83.8533,0,0
60,54,0,-71.3171,-84.6923,0,0
60,56,0,-72.1187,-85.4939,0,0
60,58,0,-72.8779,-86.2531,0,0
60,60,0,-73.5939,-86.9691,0,0
60,62,0,-74.2684,-87.6435,0,0
60,64,0,-74.9037,-88.2789,0,0
60,66,0,-75.5028,-88.878,0,0
60,68,0,-76.0687,-89.4439,0,0
60,70,0,-76.6042,-89.9794,0,0
60,72,0,-77.1119,-90.4871,0,0
60,74,0,-77.5941,-90.9693,0,0
60,76,0,-78.0531,-91.4283,0,0
60,78,0,-78.4907,-91.8659,0,0
62,0,0,-66.8158,-80.1909,0,0
62,2,0,-66.3882,-79.7634,0,0
62,4,0,-65.9396,-79.3148,0,0
62,6,0,-65.4678,-78.843,0,0
62,8,0,-64.9705,-78.3457,1,0
62,10,0,-64.445,-77.8202,1,0
62,12,0,-63.8882,-77.2634,1,0
62,14,0,-63.2965,-76.6717,1,0
62,16,0,-62.666,-76.0412,1,0
62,18,0,-61.992,-75.3672,1,0
62,20,0,-61.2694,-74.6446,1,0
62,22,0,-60.4925,-73.8677,1,0
62,24,0,-59.6557,-73.0309,1,0
62,26,0,-58.754,-72.1291,1,0
62,28,0,-57.7849,-71.16,1,0
62,30,0,-56.7527,-70.1278,1,0
62,32,0,-55.6763,-69.0515,1,0
62,34,0,-54.6042,-67.9794,1,0
62,36,0,-48.6895,-62.0647,1,1
62,38,0,-53.6685,-67.0437,1,0
62,40,0,-45.666,-59.0412,1,1
62,42,0,-53.6685,-67.0437,1,0
62,44,0,-48.6895,-62.0647,1,1
62,46,0,-54.6042,-67.9794,1,0
62,48,0,-55.6763,-69.0515,1,0
62,50,0,-56.7527,-70.1278,1,0
62,52,0,-57.7849,-71.16,1,0
62,54,0,-58.754,-72.1291,1,0
62,56,0,-59.6557,-73.0309,1,0
62,58,0,-60.4925,-73.8677,1,0
62,60,0,-61.2694,-74.6446,1,0
62,62,0,-61.992,-75.3672,1,0
62,64,0,-62.666,-76.0412,1,0
62,66,0,-63.2965,-76.6717,1,0
62,68,0,-63.8882,-77.2634,1,0
62,70,0,-64.445,-77.8202,1,0
62,72,0,-64.9705,-78.3457,1,0
62,74,0,-65.4678,-78.843,0,0
62,76,0,-65.9396,-79.3148,0,0
62,78,0,-66.3882,-79.7634,0,0
64,0,0,-66.7421,-80.1172,0,0
64,2,0,-66.3068,-79.682,0,0
64,4,0,-65.8493,-79.2244,0,0
64,6,0,-65.367,-78.7422,0,0
64,8,0,-64.8573,-78.2325,1,0
64,10,0,-64.317,-77.6922,1,0
64,12,0,-63.7424,-77.1175,1,0
64,14,0,-63.129,-76.5042,1,0
64,16,0,-62.4717,-75.8469,1,0
64,18,0,-61.7643,-75.1394,1,0
64,20,0,-60.9991,-74.3743,1,0
64,22,0,-60.1672,-73.5424,1,0
64,24,0,-59.2581,-72.6332,1,0
64,26,0,-58.2591,-71.6343,1,0
64,28,0,-57.1569,-70.5321,1,0
64,30,0,-55.9396,-69.3148,1,0
64,32,0,-53.2539,-66.6291,1,0
64,34,0,-51.683,-65.0581,1,0
64,36,0,-51.7643,-65.1394,1,0
64,38,0,-62.6895,-76.0647,1,0
64,40,0,-43.1672,-56.5424,1,1
64,42,0,-62.6895,-76.0647,1,0
64,44,0,-51.7643,-65.1394,1,0
64,46,0,-51.683,-65.0581,1,0
64,48,0,-53.2539,-66.6291,1,0
64,50,0,-55.9396,-69.3148,1,0
64,52,0,-57.1569,-70.5321,1,0
64,54,0,-58.2591,-71.6343,1,0
64,56,0,-59.2581,-72.6332,1,0
64,58,0,-60.1672,-73.5424,1,0
64,60,0,-60.9991,-74.3743,1,0
64,62,0,-61.7643,-75.1394,1,0
64,64,0,-62.4717,-75.8469,1,0
64,66,0,-63.129,-76.5042,1,0
64,68,0,-63.7424,-77.1175,1,0
64,70,0,-64.317,-77.6922,1,0
64,72,0,-64.8573,-78.2325,1,0
64,74,0,-65.367,-78.7422,0,0
64,76,0,-65.8493,-79.2244,0,0
64,78,0,-66.3068,-79.682,0,0
66,0,0,-66.6886,-80.0638,0,0
66,2,0,-66.2478,-79.6229,0,0
66,4,0,-65.7836,-79.1587,0,0
66,6,0,-65.2935,-78.6687,0,0
66,8,0,-64.7746,-78.1497,1,0
66,10,0,-64.2232,-77.5984,1,0
66,12,0,-63.6351,-77.0103,1,0
66,14,0,-63.0053,-76.3805,1,0
66,16,0,-62.3274,-75.7026,1,0
66,18,0,-61.5939,-74.9691,1,0
66,20,0,-60.7952,-74.1703,1,0
66,22,0,-59.919,-73.2942,1,0
66,24,0,-58.9499,-72.3251,1,0
66,26,0,-57.8676,-71.2428,1,0
66,28,0,-56.4429,-69.8181,1,0
66,30,0,-55.2488,-68.624,1,0
66,32,0,-53.6351,-67.0103,1,0
66,34,0,-51.7643,-65.1394,1,0
66,36,0,-49.6557,-63.0309,1,1
66,38,0,-54.6145,-67.9897,1,0
66,40,0,-39.6454,-53.0206,1,1
66,42,0,-54.6145,-67.9897,1,0
66,44,0,-49.6557,-63.0309,1,1
66,46,0,-51.7643,-65.1394,1,0
66,48,0,-53.6351,-67.0103,1,0
66,50,0,-55.2488,-68.624,1,0
66,52,0,-56.4429,-69.8181,1,0
66,54,0,-57.8676,-71.2428,1,0
66,56,0,-58.9499,-72.3251,1,0
66,58,0,-59.919,-73.2942,1,0
66,60,0,-60.7952,-74.1703,1,0
66,62,0,-61.5939,-74.9691,1,0
66,64,0,-62.3274,-75.7026,1,0
66,66,0,-63.0053,-76.3805,1,0
66,68,0,-63.6351,-77.0103,1,0
66,70,0,-64.2232,-77.5984,1,0
66,72,0,-64.7746,-78.1497,1,0
66,74,0,-65.2935,-78.6687,0,0
66,76,0,-65.7836,-79.1587,0,0
66,78,0,-66.2478,-79.6229,0,0
68,0,0,-66.6563,-80.0314,0,0
68,2,0,-66.2119,-79.5871,0,0
68,4,0,-65.7437,-79.1188,0,0
68,6,0,-65.2488,-78.624,0,0
68,8,0,-64.7242,-78.0993,1,0
68,10,0,-64.1659,-77.5411,1,0
68,12,0,-63.5695,-76.9447,1,0
68,14,0,-62.9293,-76.3045,1,0
68,16,0,-62.2385,-75.6137,1,0
68,18,0,-61.4884,-74.8636,1,0
68,20,0,-60.668,-74.0432,1,0
68,22,0,-59.763,-73.1381,1,0
68,24,0,-58.754,-72.1291,1,0
68,26,0,-57.6145,-70.9897,1,0
68,28,0,-56.3068,-69.682,1,0
68,30,0,-54.7746,-68.1497,1,0
68,32,0,-52.9293,-66.3045,1,0
68,34,0,-50.6248,-64,1,1
68,36,0,-47.6145,-60.9897,1,1
68,38,0,-43.6351,-57.0103,1,1
68,40,0,-33.6248,-47,1,1
68,42,0,-43.6351,-57.0103,1,1
68,44,0,-47.6145,-60.9897,1,1
68,46,0,-50.6248,-64,1,1
68,48,0,-52.9293,-66.3045,1,0
68,50,0,-54.7746,-68.1497,1,0
68,52,0,-56.3068,-69.682,1,0
68,54,0,-57.6145,-70.9897,1,0
68,56,0,-58.754,-72.1291,1,0
68,58,0,-59.763,-73.1381,1,0
68,60,0,-60.668,-74.0432,1,0
68,62,0,-61.4884,-74.8636,1,0
68,64,0,-62.2385,-75.6137,1,0
68,66,0,-62.9293,-76.3045,1,0
68,68,0,-63.5695,-76.9447,1,0
68,70,0,-64.1659,-77.5411,1,0
68,72,0,-64.7242,-78.0993,1,0
68,74,0,-65.2488,-78.624,0,0
68,76,0,-65.7437,-79.1188,0,0
68,78,0,-66.2119,-79.5871,0,0
70,0,0,-66.6454,-80.0206,0,0
70,2,0,-66.1999,-79.5751,0,0
70,4,0,-65.7303,-79.1055,0,0
70,6,0,-65.2338,-78.609,0,0
70,8,0,-64.7072,-78.0824,1,0
70,10,0,-64.1466,-77.5218,1,0
70,12,0,-63.5474,-76.9226,1,0
70,14,0,-62.9037,-76.2789,1,0
70,16,0,-62.2084,-75.5836,1,0
70,18,0,-61.4527,-74.8279,1,0
70,20,0,-60.6248,-74,1,0
70,22,0,-59.7097,-73.0849,1,0
70,24,0,-58.6866,-72.0618,1,0
70,26,0,-57.5268,-70.902,1,0
70,28,0,-56.1878,-69.563,1,0
70,30,0,-54.6042,-67.9794,1,0
70,32,0,-52.666,-66.0412,1,0
70,34,0,-50.1672,-63.5424,1,1
70,36,0,-46.6454,-60.0206,1,1
70,38,0,-40.6248,-54,1,1
70,40,0,20,20,1,1
70,42,0,-40.6248,-54,1,1
70,44,0,-46.6454,-60.0206,1,1
70,46,0,-50.1672,-63.5424,1,1
70,48,0,-52.666,-66.0412,1,0
70,50,0,-54.6042,-67.9794,1,0
70,52,0,-56.1878,-69.563,1,0
70,54,0,-57.5268,-70.902,1,0
70,56,0,-58.6866,-72.0618,1,0
70,58,0,-59.7097,-73.0849,1,0
70,60,0,-60.6248,-74,1,0
70,62,0,-61.4527,-74.8279,1,0
70,64,0,-62.2084,-75.5836,1,0
70,66,0,-62.9037,-76.2789,1,0
70,68,0,-63.5474,-76.9226,1,0
70,70,0,-64.1466,-77.5218,1,0
70,72,0,-64.7072,-78.0824,1,0
70,74,0,-65.2338,-78.609,0,0
70,76,0,-65.7303,-79.1055,0,0
70,78,0,-66.1999,-79.5751,0,0
72,0,0,-66.6563,-80.0314,0,0
72,2,0,-66.2119,-79.5871,0,0
72,4,0,-65.7437,-79.1188,0,0
72,6,0,-65.2488,-78.624,0,0
72,8,0,-64.7242,-78.0993,1,0
72,10,0,-64.1659,-77.5411,1,0
72,12,0,-63.5695,-76.9447,1,0
72,14,0,-62.9293,-76.3045,1,0
72,16,0,-62.2385,-75.6137,1,0
72,18,0,-61.4884,-74.8636,1,0
72,20,0,-60.668,-74.0432,1,0
72,22,0,-59.763,-73.1381,1,0
72,24,0,-58.754,-72.1291,1,0
72,26,0,-57.6145,-70.9897,1,0
72,28,0,-56.3068,-69.682,1,0
72,30,0,-54.7746,-68.1497,1,0
72,32,0,-52.9293,-66.3045,1,0
72,34,0,-50.6248,-64,1,1
72,36,0,-47.6145,-60.9897,1,1
72,38,0,-43.6351,-57.0103,1,1
72,40,0,-33.6248,-47,1,1
72,42,0,-43.6351,-57.0103,1,1
72,44,0,-47.6145,-60.9897,1,1
72,46,0,-50.6248,-64,1,1
72,48,0,-52.9293,-66.3045,1,0
72,50,0,-54.7746,-68.1497,1,0
72,52,0,-56.3068,-69.682,1,0
72,54,0,-57.6145,-70.9897,1,0
72,56,0,-58.754,-72.1291,1,0
72,58,0,-59.763,-73.1381,1,0
72,60,0,-60.668,-74.0432,1,0
72,62,0,-61.4884,-74.8636,1,0
72,64,0,-62.2385,-75.6137,1,0
72,66,0,-62.9293,-76.3045,1,0
72,68,0,-63.5695,-76.9447,1,0
72,70,0,-64.1659,-77.5411,1,0
72,72,0,-64.7242,-78.0993,1,0
72,74,0,-65.2488,-78.624,0,0
72,76,0,-65.7437,-79.1188,0,0
72,78,0,-66.2119,-79.5871,0,0
74,0,0,-66.6886,-80.0638,0,0
74,2,0,-66.2478,-79.6229,0,0
74,4,0,-65.7836,-79.1587,0,0
74,6,0,-65.2935,-78.6687,0,0
74,8,0,-64.7746,-78.1497,1,0
74,10,0,-64.2232,-77.5984,1,0
74,12,0,-63.5704,-76.9456,1,0
74,14,0,-63.0053,-76.3805,1,0
74,16,0,-62.3274,-75.7026,1,0
74,18,0,-61.5939,-74.9691,1,0
74,20,0,-60.7952,-74.1703,1,0
74,22,0,-59.919,-73.2942,1,0
74,24,0,-58.9499,-72.3251,1,0
74,26,0,-57.8676,-71.2428,1,0
74,28,0,-56.6454,-70.0206,1,0
74,30,0,-55.2488,-68.624,1,0
74,32,0,-53.6351,-67.0103,1,0
74,34,0,-51.7643,-65.1394,1,0
74,36,0,-49.6557,-63.0309,1,1
74,38,0,-54.6145,-67.9897,1,0
74,40,0,-39.6454,-53.0206,1,1
74,42,0,-54.6145,-67.9897,1,0
74,44,0,-49.6557,-63.0309,1,1
74,46,0,-51.7643,-65.1394,1,0
74,48,0,-53.6351,-67.0103,1,0
74,50,0,-55.2488,-68.624,1,0
74,52,0,-56.6454,-70.0206,1,0
74,54,0,-57.8676,-71.2428,1,0
74,56,0,-58.9499,-72.3251,1,0
74,58,0,-59.919,-73.2942,1,0
74,60,0,-60.7952,-74.1703,1,0
74,62,0,-61.5939,-74.9691,1,0
74,64,0,-62.3274,-75.7026,1,0
74,66,0,-63.0053,-76.3805,1,0
74,68,0,-63.5704,-76.9456,1,0
74,70,0,-64.2232,-77.5984,1,0
74,72,0,-64.7746,-78.1497,1,0
74,74,0,-65.2935,-78.6687,0,0
74,76,0,-65.7836,-79.1587,0,0
74,78,0,-66.2478,-79.6229,0,0
76,0,0,-60.1473,-73.5225,1,0
76,2,0,-59.7527,-73.1278,1,0
76,4,0,-59.3419,-72.7171,1,0
76,6,0,-58.914,-72.2892,1,0
76,8,0,-58.4678,-71.843,1,0
76,10,0,-58.0023,-71.3775,1,0
76,12,0,-57.5165,-70.8917,1,0
76,14,0,-57.0094,-70.3846,1,0
76,16,0,-56.4804,-69.8556,1,0
76,18,0,-55.9293,-69.3045,1,0
76,20,0,-55.3567,-68.7319,1,0
76,22,0,-54.7643,-68.1394,1,0
76,24,0,-54.1556,-67.5308,1,0
76,26,0,-60.5371,-73.9123,1,0
76,28,0,-59.919,-73.2942,1,0
76,30,0,-59.3171,-72.6923,1,0
76,32,0,-60.2539,-73.6291,1,0
76,34,0,-58.683,-72.0581,1,0
76,36,0,-57.0634,-70.4385,1,0
76,38,0,-56.9282,-70.3033,1,0
76,40,0,-43.1672,-56.5424,1,1
76,42,0,-56.9282,-70.3033,1,0
76,44,0,-57.0634,-70.4385,1,0
76,46,0,-58.683,-72.0581,1,0
76,48,0,-60.2539,-73.6291,1,0
76,50,0,-59.3171,-72.6923,1,0
76,52,0,-59.919,-73.2942,1,0
76,54,0,-60.5371,-73.9123,1,0
76,56,0,-54.1556,-67.5308,1,0
76,58,0,-54.7643,-68.1394,1,0
76,60,0,-55.3567,-68.7319,1,0
76,62,0,-55.9293,-69.3045,1,0
76,64,0,-56.4804,-69.8556,1,0
76,66,0,-57.0094,-70.3846,1,0
76,68,0,-57.5165,-70.8917,1,0
76,70,0,-58.0023,-71.3775,1,0
76,72,0,-58.4678,-71.843,1,0
76,74,0,-58.914,-72.2892,1,0
76,76,0,-59.3419,-72.7171,1,0
76,78,0,-59.7527,-73.1278,1,0
78,0,0,-60.0197,-73.3949,1,0
78,2,0,-59.6127,-72.9879,1,0
78,4,0,-59.1878,-72.563,1,0
78,6,0,-58.7437,-72.1188,1,0
78,8,0,-58.2787,-71.6538,1,0
78,10,0,-57.7912,-71.1664,1,0
78,12,0,-57.2797,-70.6549,1,0
78,14,0,-56.7424,-70.1175,1,0
78,16,0,-56.1775,-69.5527,1,0
78,18,0,-55.5838,-68.959,1,0
78,20,0,-54.9602,-68.3354,1,0
78,22,0,-54.3067,-67.6819,1,0
78,24,0,-53.6248,-67,1,0
78,26,0,-52.919,-66.2942,1,0
78,28,0,-59.1981,-72.5733,1,0
78,30,0,-58.4781,-71.8533,1,0
78,32,0,-57.7849,-71.16,1,0
78,34,0,-57.7851,-71.1603,1,0
78,36,0,-55.6895,-69.0647,1,0
78,38,0,-53.6685,-67.0437,1,0
78,40,0,-45.666,-59.0412,1,1
78,42,0,-53.6685,-67.0437,1,0
78,44,0,-55.6895,-69.0647,1,0
78,46,0,-57.7851,-71.1603,1,0
78,48,0,-57.7849,-71.16,1,0
78,50,0,-58.4781,-71.8533,1,0
78,52,0,-59.1981,-72.5733,1,0
78,54,0,-52.919,-66.2942,1,0
78,56,0,-53.6248,-67,1,0
78,58,0,-54.3067,-67.6819,1,0
78,60,0,-54.9602,-68.3354,1,0
78,62,0,-55.5838,-68.959,1,0
78,64,0,-56.1775,-69.5527,1,0
78,66,0,-56.7424,-70.1175,1,0
78,68,0,-57.2797,-70.6549,1,0
78,70,0,-57.7912,-71.1664,1,0
78,72,0,-58.2787,-71.6538,1,0
78,74,0,-58.7437,-72.1188,1,0
78,76,0,-59.1878,-72.563,1,0
78,78,0,-59.6127,-72.9879,1,0
80,0,0,-59.9087,-73.2839,1,0
80,2,0,-59.4907,-72.8659,1,0
80,4,0,-59.0531,-72.4283,1,0
80,6,0,-58.5941,-71.9693,1,0
80,8,0,-58.1119,-71.4871,1,0
80,10,0,-57.6042,-70.9794,1,0
80,12,0,-57.0687,-70.4439,1,0
80,14,0,-56.5028,-69.878,1,0
80,16,0,-55.9037,-69.2789,1,0
80,18,0,-55.2684,-68.6435,1,0
80,20,0,-54.5939,-67.9691,1,0
80,22,0,-53.8779,-67.2531,1,0
80,24,0,-53.1187,-66.4939,1,0
80,26,0,-52.3171,-65.6923,1,0
80,28,0,-51.4781,-64.8533,1,1
80,30,0,-57.6145,-70.9897,1,0
80,32,0,-56.7527,-70.1278,1,0
80,34,0,-57.4392,-70.8144,1,0
80,36,0,-55.1144,-68.4896,1,0
80,38,0,-52.7128,-66.0879,1,0
80,40,0,-38.4856,-51.8608,1,1
80,42,0,-52.7128,-66.0879,1,0
80,44,0,-55.1144,-68.4896,1,0
80,46,0,-57.4392,-70.8144,1,0
80,48,0,-56.7527,-70.1278,1,0
80,50,0,-57.6145,-70.9897,1,0
80,52,0,-51.4781,-64.8533,1,1
80,54,0,-52.3171,-65.6923,1,0
80,56,0,-53.1187,-66.4939,1,0
80,58,0,-53.8779,-67.2531,1,0
80,60,0,-54.5939,-67.9691,1,0
80,62,0,-55.2684,-68.6435,1,0
80,64,0,-55.9037,-69.2789,1,0
80,66,0,-56.5028,-69.878,1,0
80,68,0,-57.0687,-70.4439,1,0
80,70,0,-57.6042,-70.9794,1,0
80,72,0,-58.1119,-71.4871,1,0
80,74,0,-58.5941,-71.9693,1,0
80,76,0,-59.0531,-72.4283,1,0
80,78,0,-59.4907,-72.8659,1,0
82,0,0,-59.8158,-73.1909,1,0
82,2,0,-59.3882,-72.7634,1,0
82,4,0,-58.9396,-72.3148,1,0
82,6,0,-58.4678,-71.843,1,0
82,8,0,-57.9705,-71.3457,1,0
82,10,0,-57.445,-70.8202,1,0
82,12,0,-56.8882,-70.2634,1,0
82,14,0,-56.2965,-69.6717,1,0
82,16,0,-55.666,-69.0412,1,0
82,18,0,-54.992,-68.3672,1,0
82,20,0,-54.2694,-67.6446,1,0
82,22,0,-53.4925,-66.8677,1,0
82,24,0,-52.6557,-66.0309,1,0
82,26,0,-51.754,-65.1291,1,0
82,28,0,-50.7849,-64.16,1,1
82,30,0,-49.7527,-63.1278,1,1
82,32,0,-55.6763,-69.0515,1,0
82,34,0,-54.6042,-67.9794,1,0
82,36,0,-55.6895,-69.0647,1,0
82,38,0,-53.6685,-67.0437,1,0
82,40,0,-45.666,-59.0412,1,1
82,42,0,-53.6685,-67.0437,1,0
82,44,0,-55.6895,-69.0647,1,0
82,46,0,-54.6042,-67.9794,1,0
82,48,0,-55.6763,-69.0515,1,0
82,50,0,-49.7527,-63.1278,1,1
82,52,0,-50.7849,-64.16,1,1
82,54,0,-51.754,-65.1291,1,0
82,56,0,-52.6557,-66.0309,1,0
82,58,0,-53.4925,-66.8677,1,0
82,60,0,-54.2694,-67.6446,1,0
82,62,0,-54.992,-68.3672,1,0
82,64,0,-55.666,-69.0412,1,0
82,66,0,-56.2965,-69.6717,1,0
82,68,0,-56.8882,-70.2634,1,0
82,70,0,-57.445,-70.8202,1,0
82,72,0,-57.9705,-71.3457,1,0
82,74,0,-58.4678,-71.843,1,0
82,76,0,-58.9396,-72.3148,1,0
82,78,0,-59.3882,-72.7634,1,0
84,0,0,-59.7421,-73.1172,1,0
84,2,0,-59.3068,-72.682,1,0
84,4,0,-58.8493,-72.2244,1,0
84,6,0,-58.367,-71.7422,1,0
84,8,0,-57.8573,-71.2325,1,0
84,10,0,-57.317,-70.6922,1,0
84,12,0,-56.7424,-70.1175,1,0
84,14,0,-56.129,-69.5042,1,0
84,16,0,-55.4717,-68.8469,1,0
84,18,0,-54.7643,-68.1394,1,0
84,20,0,-53.9991,-67.3743,1,0
84,22,0,-53.1672,-66.5424,1,0
84,24,0,-52.2581,-65.6332,1,0
84,26,0,-51.2591,-64.6343,1,1
84,28,0,-50.1569,-63.5321,1,1
84,30,0,-48.9396,-62.3148,1,1
84,32,0,-47.6042,-60.9794,1,1
84,34,0,-53.1775,-66.5527,1,0
84,36,0,-51.7643,-65.1394,1,0
84,38,0,-62.6895,-76.0647,1,0
84,40,0,-43.1672,-56.5424,1,1
84,42,0,-62.6895,-76.0647,1,0
84,44,0,-51.7643,-65.1394,1,0
84,46,0,-53.1775,-66.5527,1,0
84,48,0,-47.6042,-60.9794,1,1
84,50,0,-48.9396,-62.3148,1,1
84,52,0,-50.1569,-63.5321,1,1
84,54,0,-51.2591,-64.6343,1,1
84,56,0,-52.2581,-65.6332,1,0
84,58,0,-53.1672,-66.5424,1,0
84,60,0,-53.9991,-67.3743,1,0
84,62,0,-54.7643,-68.1394,1,0
84,64,0,-55.4717,-68.8469,1,0
84,66,0,-56.129,-69.5042,1,0
84,68,0,-56.7424,-70.1175,1,0
84,70,0,-57.317,-70.6922,1,0
84,72,0,-57.8573,-71.2325,1,0
84,74,0,-58.367,-71.7422,1,0
84,76,0,-58.8493,-72.2244,1,0
84,78,0,-59.3068,-72.682,1,0
86,0,0,-59.6886,-73.0638,1,0
86,2,0,-59.2478,-72.6229,1,0
86,4,0,-58.7836,-72.1587,1,0
86,6,0,-58.2935,-71.6687,1,0
86,8,0,-57.7746,-71.1497,1,0
86,10,0,-57.2232,-70.5984,1,0
86,12,0,-56.6351,-70.0103,1,0
86,14,0,-56.0053,-69.3805,1,0
86,16,0,-55.3274,-68.7026,1,0
86,18,0,-54.5939,-67.9691,1,0
86,20,0,-53.7952,-67.1703,1,0
86,22,0,-52.919,-66.2942,1,0
86,24,0,-51.9499,-65.3251,1,0
86,26,0,-50.8676,-64.2428,1,1
86,28,0,-49.6454,-63.0206,1,1
86,30,0,-48.2488,-61.624,1,1
86,32,0,-46.6351,-60.0103,1,1
86,34,0,-44.7643,-58.1394,1,1
86,36,0,-49.6557,-63.0309,1,1
86,38,0,-54.6145,-67.9897,1,0
86,40,0,-39.6454,-53.0206,1,1
86,42,0,-54.6145,-67.9897,1,0
86,44,0,-49.6557,-63.0309,1,1
86,46,0,-44.7643,-58.1394,1,1
86,48,0,-46.6351,-60.0103,1,1
86,50,0,-48.2488,-61.624,1,1
86,52,0,-49.6454,-63.0206,1,1
86,54,0,-50.8676,-64.2428,1,1
86,56,0,-51.9499,-65.3251,1,0
86,58,0,-52.919,-66.2942,1,0
86,60,0,-53.7952,-67.1703,1,0
86,62,0,-54.5939,-67.9691,1,0
86,64,0,-55.3274,-68.7026,1,0
86,66,0,-56.0053,-69.3805,1,0
86,68,0,-56.6351,-70.0103,1,0
86,70,0,-57.2232,-70.5984,1,0
86,72,0,-57.7746,-71.1497,1,0
86,74,0,-58.2935,-71.6687,1,0
86,76,0,-58.7836,-72.1587,1,0
86,78,0,-59.2478,-72.6229,1,0
88,0,0,-59.6563,-73.0314,1,0
88,2,0,-59.2119,-72.5871,1,0
88,4,0,-58.7437,-72.1188,1,0
88,6,0,-58.2488,-71.624,1,0
88,8,0,-57.7242,-71.0993,1,0
88,10,0,-57.1659,-70.5411,1,0
88,12,0,-56.5695,-69.9447,1,0
88,14,0,-55.9293,-69.3045,1,0
88,16,0,-55.2385,-68.6137,1,0
88,18,0,-54.4884,-67.8636,1,0
88,20,0,-53.668,-67.0432,1,0
88,22,0,-52.763,-66.1381,1,0
88,24,0,-51.754,-65.1291,1,0
88,26,0,-50.6145,-63.9897,1,1
88,28,0,-49.3068,-62.682,1,1
88,30,0,-47.7746,-61.1497,1,1
88,32,0,-45.9293,-59.3045,1,1
88,34,0,-43.6248,-57,1,1
88,36,0,-40.6145,-53.9897,1,1
88,38,0,-43.6351,-57.0103,1,1
88,40,0,-33.6248,-47,1,1
88,42,0,-43.6351,-57.0103,1,1
88,44,0,-40.6145,-53.9897,1,1
88,46,0,-43.6248,-57,1,1
88,48,0,-45.9293,-59.3045,1,1
88,50,0,-47.7746,-61.1497,1,1
88,52,0,-49.3068,-62.682,1,1
88,54,0,-50.6145,-63.9897,1,1
88,56,0,-51.754,-65.1291,1,0
88,58,0,-52.763,-66.1381,1,0
88,60,0,-53.668,-67.0432,1,0
88,62,0,-54.4884,-67.8636,1,0
88,64,0,-55.2385,-68.6137,1,0
88,66,0,-55.9293,-69.3045,1,0
88,68,0,-56.5695,-69.9447,1,0
88,70,0,-57.1659,-70.5411,1,0
88,72,0,-57.7242,-71.0993,1,0
88,74,0,-58.2488,-71.624,1,0
88,76,0,-58.7437,-72.1188,1,0
88,78,0,-59.2119,-72.5871,1,0
90,0,0,-59.6454,-73.0206,1,0
90,2,0,-59.1999,-72.5751,1,0
90,4,0,-58.7303,-72.1055,1,0
90,6,0,-58.2338,-71.609,1,0
90,8,0,-57.7072,-71.0824,1,0
90,10,0,-57.1466,-70.5218,1,0
90,12,0,-56.5474,-69.9226,1,0
90,14,0,-55.9037,-69.2789,1,0
90,16,0,-55.2084,-68.5836,1,0
90,18,0,-54.4527,-67.8279,1,0
90,20,0,-53.6248,-67,1,0
90,22,0,-52.7097,-66.0849,1,0
90,24,0,-51.6866,-65.0618,1,0
90,26,0,-50.5268,-63.902,1,1
90,28,0,-49.1878,-62.563,1,1
90,30,0,-47.6042,-60.9794,1,1
90,32,0,-45.666,-59.0412,1,1
90,34,0,-43.1672,-56.5424,1,1
90,36,0,-39.6454,-53.0206,1,1
90,38,0,-33.6248,-47,1,1
90,40,0,20,20,1,1
90,42,0,-33.6248,-47,1,1
90,44,0,-39.6454,-53.0206,1,1
90,46,0,-43.1672,-56.5424,1,1
90,48,0,-45.666,-59.0412,1,1
90,50,0,-47.6042,-60.9794,1,1
90,52,0,-49.1878,-62.563,1,1
90,54,0,-50.5268,-63.902,1,1
90,56,0,-51.6866,-65.0618,1,0
90,58,0,-52.7097,-66.0849,1,0
90,60,0,-53.6248,-67,1,0
90,62,0,-54.4527,-67.8279,1,0
90,64,0,-55.2084,-68.5836,1,0
90,66,0,-55.9037,-69.2789,1,0
90,68,0,-56.5474,-69.9226,1,0
90,70,0,-57.1466,-70.5218,1,0
90,72,0,-57.7072,-71.0824,1,0
90,74,0,-58.2338,-71.609,1,0
90,76,0,-58.7303,-72.1055,1,0
90,78,0,-59.1999,-72.5751,1,0
92,0,0,-59.6563,-73.0314,1,0
92,2,0,-59.2119,-72.5871,1,0
92,4,0,-58.7437,-72.1188,1,0
92,6,0,-58.2488,-71.624,1,0
92,8,0,-57.7242,-71.0993,1,0
92,10,0,-57.1659,-70.5411,1,0
92,12,0,-56.5695,-69.9447,1,0
92,14,0,-55.9293,-69.3045,1,0
92,16,0,-55.2385,-68.6137,1,0
92,18,0,-54.4884,-67.8636,1,0
92,20,0,-53.668,-67.0432,1,0
92,22,0,-52.763,-66.1381,1,0
92,24,0,-51.754,-65.1291,1,0
92,26,0,-50.6145,-63.9897,1,1
92,28,0,-49.3068,-62.682,1,1
92,30,0,-47.7746,-61.1497,1,1
92,32,0,-45.9293,-59.3045,1,1
92,34,0,-43.6248,-57,1,1
92,36,0,-40.6145,-53.9897,1,1
92,38,0,-43.6351,-57.0103,1,1
92,40,0,-33.6248,-47,1,1
92,42,0,-43.6351,-57.0103,1,1
92,44,0,-40.6145,-53.9897,1,1
92,46,0,-43.6248,-57,1,1
92,48,0,-45.9293,-59.3045,1,1
92,50,0,-47.7746,-61.1497,1,1
92,52,0,-49.3068,-62.682,1,1
92,54,0,-50.6145,-63.9897,1,1
92,56,0,-51.754,-65.1291,1,0
92,58,0,-52.763,-66.1381,1,0
92,60,0,-53.668,-67.0432,1,0
92,62,0,-54.4884,-67.8636,1,0
92,64,0,-55.2385,-68.6137,1,0
92,66,0,-55.9293,-69.3045,1,0
92,68,0,-56.5695,-69.9447,1,0
92,70,0,-57.1659,-70.5411,1,0
92,72,0,-57.7242,-71.0993,1,0
92,74,0,-58.2488,-71.624,1,0
92,76,0,-58.7437,-72.1188,1,0
92,78,0,-59.2119,-72.5871,1,0
94,0,0,-59.6886,-73.0638,1,0
94,2,0,-59.2478,-72.6229,1,0
94,4,0,-58.7836,-72.1587,1,0
94,6,0,-58.2935,-71.6687,1,0
94,8,0,-57.7746,-71.1497,1,0
94,10,0,-57.2232,-70.5984,1,0
94,12,0,-56.6351,-70.0103,1,0
94,14,0,-56.0053,-69.3805,1,0
94,16,0,-55.3274,-68.7026,1,0
94,18,0,-54.5939,-67.9691,1,0
94,20,0,-53.7952,-67.1703,1,0
94,22,0,-52.919,-66.2942,1,0
94,24,0,-51.9499,-65.3251,1,0
94,26,0,-50.8676,-64.2428,1,1
94,28,0,-49.6454,-63.0206,1,1
94,30,0,-48.2488,-61.624,1,1
94,32,0,-46.6351,-60.0103,1,1
94,34,0,-44.7643,-58.1394,1,1
94,36,0,-49.6557,-63.0309,1,1
94,38,0,-54.6145,-67.9897,1,0
94,40,0,-39.6454,-53.0206,1,1
94,42,0,-54.6145,-67.9897,1,0
94,44,0,-49.6557,-63.0309,1,1
94,46,0,-44.7643,-58.1394,1,1
94,48,0,-46.6351,-60.0103,1,1
94,50,0,-48.2488,-61.624,1,1
94,52,0,-49.6454,-63.0206,1,1
94,54,0,-50.8676,-64.2428,1,1
94,56,0,-51.9499,-65.3251,1,0
94,58,0,-52.919,-66.2942,1,0
94,60,0,-53.7952,-67.1703,1,0
94,62,0,-54.5939,-67.9691,1,0
94,64,0,-55.3274,-68.7026,1,0
94,66,0,-56.0053,-69.3805,1,0
94,68,0,-56.6351,-70.0103,1,0
94,70,0,-57.2232,-70.5984,1,0
94,72,0,-57.7746,-71.1497,1,0
94,74,0,-58.2935,-71.6687,1,0
94,76,0,-58.7836,-72.1587,1,0
94,78,0,-59.2478,-72.6229,1,0
96,0,0,-59.7421,-73.1172,1,0
96,2,0,-59.3068,-72.682,1,0
96,4,0,-58.8493,-72.2244,1,0
96,6,0,-58.367,-71.7422,1,0
96,8,0,-57.8573,-71.2325,1,0
96,10,0,-57.317,-70.6922,1,0
96,12,0,-56.7424,-70.1175,1,0
96,14,0,-56.129,-69.5042,1,0
96,16,0,-55.4717,-68.8469,1,0
96,18,0,-54.7643,-68.1394,1,0
96,20,0,-53.9991,-67.3743,1,0
96,22,0,-53.1672,-66.5424,1,0
96,24,0,-52.2581,-65.6332,1,0
96,26,0,-51.2591,-64.6343,1,1
96,28,0,-50.1569,-63.5321,1,1
96,30,0,-48.9396,-62.3148,1,1
96,32,0,-47.6042,-60.9794,1,1
96,34,0,-53.1775,-66.5527,1,0
96,36,0,-51.7643,-65.1394,1,0
96,38,0,-63.9282,-77.3033,1,0
96,40,0,-43.1672,-56.5424,1,1
96,42,0,-63.9282,-77.3033,1,0
96,44,0,-51.7643,-65.1394,1,0
96,46,0,-53.1775,-66.5527,1,0
96,48,0,-47.6042,-60.9794,1,1
96,50,0,-48.9396,-62.3148,1,1
96,52,0,-50.1569,-63.5321,1,1
96,54,0,-51.2591,-64.6343,1,1
96,56,0,-52.2581,-65.6332,1,0
96,58,0,-53.1672,-66.5424,1,0
96,60,0,-53.9991,-67.3743,1,0
96,62,0,-54.7643,-68.1394,1,0
96,64,0,-55.4717,-68.8469,1,0
96,66,0,-56.129,-69.5042,1,0
96,68,0,-56.7424,-70.1175,1,0
96,70,0,-57.317,-70.6922,1,0
96,72,0,-57.8573,-71.2325,1,0
96,74,0,-58.367,-71.7422,1,0
96,76,0,-58.8493,-72.2244,1,0
96,78,0,-59.3068,-72.682,1,0
98,0,0,-59.8158,-73.1909,1,0
98,2,0,-59.3882,-72.7634,1,0
98,4,0,-58.9396,-72.3148,1,0
98,6,0,-58.4678,-71.843,1,0
98,8,0,-57.9705,-71.3457,1,0
98,10,0,-57.445,-70.8202,1,0
98,12,0,-56.8882,-70.2634,1,0
98,14,0,-56.2965,-69.6717,1,0
98,16,0,-55.666,-69.0412,1,0
98,18,0,-54.992,-68.3672,1,0
98,20,0,-54.2694,-67.6446,1,0
98,22,0,-53.4925,-66.8677,1,0
98,24,0,-52.6557,-66.0309,1,0
98,26,0,-51.754,-65.1291,1,0
98,28,0,-50.7849,-64.16,1,1
98,30,0,-49.7527,-63.1278,1,1
98,32,0,-55.6763,-69.0515,1,0
98,34,0,-54.6042,-67.9794,1,0
98,36,0,-60.6351,-74.0103,1,0
98,38,0,-64.5281,-77.9033,1,0
98,40,0,-45.666,-59.0412,1,1
98,42,0,-64.5281,-77.9033,1,0
98,44,0,-60.6351,-74.0103,1,0
98,46,0,-54.6042,-67.9794,1,0
98,48,0,-55.6763,-69.0515,1,0
98,50,0,-49.7527,-63.1278,1,1
98,52,0,-50.7849,-64.16,1,1
98,54,0,-51.754,-65.1291,1,0
98,56,0,-52.6557,-66.0309,1,0
98,58,0,-53.4925,-66.8677,1,0
98,60,0,-54.2694,-67.6446,1,0
98,62,0,-54.992,-68.3672,1,0
98,64,0,-55.666,-69.0412,1,0
98,66,0,-56.2965,-69.6717,1,0
98,68,0,-56.8882,-70.2634,1,0
98,70,0,-57.445,-70.8202,1,0
98,72,0,-57.9705,-71.3457,1,0
98,74,0,-58.4678,-71.843,1,0
98,76,0,-58.9396,-72.3148,1,0
98,78,0,-59.3882,-72.7634,1,0
0,0,1,-84.9399,-98.3151,0,0
0,2,1,-72.525,-85.9002,0,0
0,4,1,-72.091,-85.4662,0,0
0,6,1,-71.6363,-85.0114,0,0
0,8,1,-71.159,-84.5341,0,0
0,10,1,-64.1628,-77.538,1,0
0,12,1,-63.6955,-77.0707,1,0
0,14,1,-63.2101,-76.5853,1,0
0,16,1,-62.7065,-76.0816,1,0
0,18,1,-62.1851,-75.5603,1,0
0,20,1,-61.6473,-75.0225,1,0
0,22,1,-61.0958,-74.471,1,0
0,24,1,-60.5349,-73.9101,1,0
0,26,1,-65.4933,-78.8684,0,0
0,28,1,-64.6909,-78.066,1,0
0,30,1,-63.8727,-77.2479,1,0
0,32,1,-63.0655,-76.4407,1,0
0,34,1,-67.9991,-81.3743,0,0
0,36,1,-68.6848,-82.06,0,0
0,38,1,-89.2582,-102.633,0,0
0,40,1,-53.6248,-67,1,0
0,42,1,-89.2582,-102.633,0,0
0,44,1,-68.6848,-82.06,0,0
0,46,1,-67.9991,-81.3743,0,0
0,48,1,-63.0655,-76.4407,1,0
0,50,1,-63.8727,-77.2479,1,0
0,52,1,-64.6909,-78.066,1,0
0,54,1,-65.4933,-78.8684,0,0
0,56,1,-60.5349,-73.9101,1,0
0,58,1,-61.0958,-74.471,1,0
0,60,1,-61.6473,-75.0225,1,0
0,62,1,-62.1851,-75.5603,1,0
0,64,1,-62.7065,-76.0816,1,0
0,66,1,-63.2101,-76.5853,1,0
0,68,1,-63.6955,-77.0707,1,0
0,70,1,-64.1628,-77.538,1,0
0,72,1,-71.159,-84.5341,0,0
0,74,1,-71.6363,-85.0114,0,0
0,76,1,-72.091,-85.4662,0,0
0,78,1,-72.525,-85.9002,0,0
2,0,1,-72.8476,-86.2228,0,0
2,2,1,-72.4234,-85.7986,0,0
2,4,1,-71.9786,-85.3537,0,0
2,6,1,-71.5112,-84.8864,0,0
2,8,1,-71.0191,-84.3943,0,0
2,10,1,-70.4998,-83.875,0,0
2,12,1,-69.9505,-83.3256,0,0
2,14,1,-62.9353,-76.3105,1,0
2,16,1,-62.3966,-75.7718,1,0
2,18,1,-61.8341,-75.2092,1,0
2,20,1,-61.2479,-74.623,1,0
2,22,1,-60.6393,-74.0145,1,0
2,24,1,-60.0115,-73.3867,1,0
2,26,1,-59.3705,-72.7457,1,0
2,28,1,-64.0334,-77.4086,1,0
2,30,1,-63.0655,-76.4407,1,0
2,32,1,-62.0733,-75.4484,1,0
2,34,1,-61.1061,-74.4813,1,0
2,36,1,-67.2539,-80.6291,0,0
2,38,1,-80.6487,-94.0239,0,0
2,40,1,-52.4266,-65.8018,1,0
2,42,1,-80.6487,-94.0239,0,0
2,44,1,-67.2539,-80.6291,0,0
2,46,1,-61.1061,-74.4813,1,0
2,48,1,-62.0733,-75.4484,1,0
2,50,1,-63.0655,-76.4407,1,0
2,52,1,-64.0334,-77.4086,1,0
2,54,1,-59.3705,-72.7457,1,0
2,56,1,-60.0115,-73.3867,1,0
2,58,1,-60.6393,-74.0145,1,0
2,60,1,-61.2479,-74.623,1,0
2,62,1,-61.8341,-75.2092,1,0
2,64,1,-62.3966,-75.7718,1,0
2,66,1,-62.9353,-76.3105,1,0
2,68,1,-69.9505,-83.3256,0,0
2,70,1,-70.4998,-83.875,0,0
2,72,1,-71.0191,-84.3943,0,0
2,74,1,-71.5112,-84.8864,0,0
2,76,1,-71.9786,-85.3537,0,0
2,78,1,-72.4234,-85.7986,0,0
4,0,1,-72.7745,-86.1496,0,0
4,2,1,-72.3426,-85.7178,0,0
4,4,1,-71.889,-85.2642,0,0
4,6,1,-71.4114,-84.7866,0,0
4,8,1,-70.9072,-84.2824,0,0
4,10,1,-70.3735,-83.7486,0,0
4,12,1,-69.8068,-83.1819,0,0
4,14,1,-69.2031,-82.5783,0,0
4,16,1,-68.5578,-81.933,0,0
4,18,1,-61.5088,-74.884,1,0
4,20,1,-60.8735,-74.2487,1,0
4,22,1,-60.2058,-73.5809,1,0
4,24,1,-59.5065,-72.8817,1,0
4,26,1,-58.7795,-72.1547,1,0
4,28,1,-58.0329,-71.4081,1,0
4,30,1,-62.3142,-75.6893,1,0
4,32,1,-61.1061,-74.4813,1,0
4,34,1,-59.8599,-73.2351,1,0
4,36,1,-58.683,-72.0581,1,0
4,38,1,-71.7851,-85.1603,0,0
4,40,1,-50.4392,-63.8144,1,1
4,42,1,-71.7851,-85.1603,0,0
4,44,1,-58.683,-72.0581,1,0
4,46,1,-59.8599,-73.2351,1,0
4,48,1,-61.1061,-74.4813,1,0
4,50,1,-62.3142,-75.6893,1,0
4,52,1,-58.0329,-71.4081,1,0
4,54,1,-58.7795,-72.1547,1,0
4,56,1,-59.5065,-72.8817,1,0
4,58,1,-60.2058,-73.5809,1,0
4,60,1,-60.8735,-74.2487,1,0
4,62,1,-61.5088,-74.884,1,0
4,64,1,-68.5578,-81.933,0,0
4,66,1,-69.2031,-82.5783,0,0
4,68,1,-69.8068,-83.1819,0,0
4,70,1,-70.3735,-83.7486,0,0
4,72,1,-70.9072,-84.2824,0,0
4,74,1,-71.4114,-84.7866,0,0
4,76,1,-71.889,-85.2642,0,0
4,78,1,-72.3426,-85.7178,0,0
6,0,1,-72.7214,-86.0966,0,0
6,2,1,-72.284,-85.6592,0,0
6,4,1,-71.8239,-85.1991,0,0
6,6,1,-71.3387,-84.7138,0,0
6,8,1,-70.8254,-84.2006,0,0
6,10,1,-70.2809,-83.656,0,0
6,12,1,-69.7011,-83.0763,0,0
6,14,1,-69.0815,-82.4567,0,0
6,16,1,-68.4164,-81.7916,0,0
6,18,1,-67.699,-81.0742,0,0
6,20,1,-66.9212,-80.2964,0,0
6,22,1,-59.8082,-73.1834,1,0
6,24,1,-59.0356,-72.4108,1,0
6,26,1,-58.217,-71.5921,1,0
6,28,1,-57.3563,-70.7315,1,0
6,30,1,-56.4654,-69.8406,1,0
6,32,1,-60.2539,-73.6291,1,0
6,34,1,-58.683,-72.0581,1,0
6,36,1,-57.0634,-70.4385,1,0
6,38,1,-62.6895,-76.0647,1,0
6,40,1,-48.1144,-61.4896,1,1
6,42,1,-62.6895,-76.0647,1,0
6,44,1,-57.0634,-70.4385,1,0
6,46,1,-58.683,-72.0581,1,0
6,48,1,-60.2539,-73.6291,1,0
6,50,1,-56.4654,-69.8406,1,0
6,52,1,-57.3563,-70.7315,1,0
6,54,1,-58.217,-71.5921,1,0
6,56,1,-59.0356,-72.4108,1,0
6,58,1,-59.8082,-73.1834,1,0
6,60,1,-66.9212,-80.2964,0,0
6,62,1,-67.699,-81.0742,0,0
6,64,1,-68.4164,-81.7916,0,0
6,66,1,-69.0815,-82.4567,0,0
6,68,1,-69.7011,-83.0763,0,0
6,70,1,-70.2809,-83.656,0,0
6,72,1,-70.8254,-84.2006,0,0
6,74,1,-71.3387,-84.7138,0,0
6,76,1,-71.8239,-85.1991,0,0
6,78,1,-72.284,-85.6592,0,0
8,0,1,-72.6893,-86.0645,0,0
8,2,1,-72.2485,-85.6237,0,0
8,4,1,-71.7844,-85.1596,0,0
8,6,1,-71.2944,-84.6696,0,0
8,8,1,-70.7756,-84.1508,0,0
8,10,1,-70.2244,-83.5995,0,0
8,12,1,-69.6365,-83.0117,0,0
8,14,1,-69.0069,-82.382,0,0
8,16,1,-68.3293,-81.7045,0,0
8,18,1,-67.5961,-80.9713,0,0
8,20,1,-66.7978,-80.1729,0,0
8,22,1,-65.9222,-79.2974,0,0
8,24,1,-64.9539,-78.3291,1,0
8,26,1,-57.7078,-71.083,1,0
8,28,1,-56.7271,-70.1022,1,0
8,30,1,-55.6792,-69.0544,1,0
8,32,1,-54.582,-67.9572,1,0
8,34,1,-57.7851,-71.1603,1,0
8,36,1,-55.6895,-69.0647,1,0
8,38,1,-53.6685,-67.0437,1,0
8,40,1,-45.7128,-59.0879,1,1
8,42,1,-53.6685,-67.0437,1,0
8,44,1,-55.6895,-69.0647,1,0
8,46,1,-57.7851,-71.1603,1,0
8,48,1,-54.582,-67.9572,1,0
8,50,1,-55.6792,-69.0544,1,0
8,52,1,-56.7271,-70.1022,1,0
8,54,1,-57.7078,-71.083,1,0
8,56,1,-64.9539,-78.3291,1,0
8,58,1,-65.9222,-79.2974,0,0
8,60,1,-66.7978,-80.1729,0,0
8,62,1,-67.5961,-80.9713,0,0
8,64,1,-68.3293,-81.7045,0,0
8,66,1,-69.0069,-82.382,0,0
8,68,1,-69.6365,-83.0117,0,0
8,70,1,-70.2244,-83.5995,0,0
8,72,1,-70.7756,-84.1508,0,0
8,74,1,-71.2944,-84.6696,0,0
8,76,1,-71.7844,-85.1596,0,0
8,78,1,-72.2485,-85.6237,0,0
10,0,1,-72.6785,-86.0537,0,0
10,2,1,-72.2366,-85.6118,0,0
10,4,1,-71.7711,-85.1463,0,0
10,6,1,-71.2796,-84.6548,0,0
10,8,1,-70.7589,-84.134,0,0
10,10,1,-70.2054,-83.5805,0,0
10,12,1,-69.6147,-82.9899,0,0
10,14,1,-68.9817,-82.3569,0,0
10,16,1,-68.2998,-81.675,0,0
10,18,1,-67.5612,-80.9364,0,0
10,20,1,-66.7558,-80.131,0,0
10,22,1,-65.8708,-79.246,0,0
10,24,1,-64.8896,-78.2648,1,0
10,26,1,-63.7901,-77.1653,1,0
10,28,1,-62.5424,-75.9176,1,0
10,30,1,-54.9793,-68.3545,1,0
10,32,1,-53.6582,-67.0334,1,0
10,34,1,-52.2523,-65.6275,1,0
10,36,1,-55.1144,-68.4896,1,0
10,38,1,-52.7128,-66.0879,1,0
10,40,1,-38.4856,-51.8608,1,1
10,42,1,-52.7128,-66.0879,1,0
10,44,1,-55.1144,-68.4896,1,0
10,46,1,-52.2523,-65.6275,1,0
10,48,1,-53.6582,-67.0334,1,0
10,50,1,-54.9793,-68.3545,1,0
10,52,1,-62.5424,-75.9176,1,0
10,54,1,-63.7901,-77.1653,1,0
10,56,1,-64.8896,-78.2648,1,0
10,58,1,-65.8708,-79.246,0,0
10,60,1,-66.7558,-80.131,0,0
10,62,1,-67.5612,-80.9364,0,0
10,64,1,-68.2998,-81.675,0,0
10,66,1,-68.9817,-82.3569,0,0
10,68,1,-69.6147,-82.9899,0,0
10,70,1,-70.2054,-83.5805,0,0
10,72,1,-70.7589,-84.134,0,0
10,74,1,-71.2796,-84.6548,0,0
10,76,1,-71.7711,-85.1463,0,0
10,78,1,-72.2366,-85.6118,0,0
12,0,1,-72.6893,-86.0645,0,0
12,2,1,-72.2485,-85.6237,0,0
12,4,1,-71.7844,-85.1596,0,0
12,6,1,-71.2944,-84.6696,0,0
12,8,1,-70.7756,-84.1508,0,0
12,10,1,-70.2244,-83.5995,0,0
12,12,1,-69.6365,-83.0117,0,0
12,14,1,-69.0069,-82.382,0,0
12,16,1,-68.3293,-81.7045,0,0
12,18,1,-67.5961,-80.9713,0,0
12,20,1,-66.7978,-80.1729,0,0
12,22,1,-65.9222,-79.2974,0,0
12,24,1,-64.9539,-78.3291,1,0
12,26,1,-63.8727,-77.2479,1,0
12,28,1,-62.6522,-76.0274,1,0
12,30,1,-61.2582,-74.6333,1,0
12,32,1,-59.6487,-73.0239,1,0
12,34,1,-51.182,-64.5572,1,1
12,36,1,-49.3155,-62.6907,1,1
12,38,1,-53.6685,-67.0437,1,0
12,40,1,-45.666,-59.0412,1,1
12,42,1,-53.6685,-67.0437,1,0
12,44,1,-49.3155,-62.6907,1,1
12,46,1,-51.182,-64.5572,1,1
12,48,1,-59.6487,-73.0239,1,0
12,50,1,-61.2582,-74.6333,1,0
12,52,1,-62.6522,-76.0274,1,0
12,54,1,-63.8727,-77.2479,1,0
12,56,1,-64.9539,-78.3291,1,0
12,58,1,-65.9222,-79.2974,0,0
12,60,1,-66.7978,-80.1729,0,0
12,62,1,-67.5961,-80.9713,0,0
12,64,1,-68.3293,-81.7045,0,0
12,66,1,-69.0069,-82.382,0,0
12,68,1,-69.6365,-83.0117,0,0
12,70,1,-70.2244,-83.5995,0,0
12,72,1,-70.7756,-84.1508,0,0
12,74,1,-71.2944,-84.6696,0,0
12,76,1,-71.7844,-85.1596,0,0
12,78,1,-72.2485,-85.6237,0,0
14,0,1,-72.7214,-86.0966,0,0
14,2,1,-72.284,-85.6592,0,0
14,4,1,-71.8239,-85.1991,0,0
14,6,1,-71.3387,-84.7138,0,0
14,8,1,-70.8254,-84.2006,0,0
14,10,1,-70.2809,-83.656,0,0
14,12,1,-69.7011,-83.0763,0,0
14,14,1,-69.0815,-82.4567,0,0
14,16,1,-68.4164,-81.7916,0,0
14,18,1,-67.699,-81.0742,0,0
14,20,1,-66.9212,-80.2964,0,0
14,22,1,-66.0727,-79.4479,0,0
14,24,1,-65.1412,-78.5164,0,0
14,26,1,-64.1115,-77.4867,1,0
14,28,1,-62.9658,-76.341,1,0
14,30,1,-61.6848,-75.06,1,0
14,32,1,-60.2539,-73.6291,1,0
14,34,1,-58.683,-72.0581,1,0
14,36,1,-57.0634,-70.4385,1,0
14,38,1,-45.9721,-59.3473,1,1
14,40,1,-43.1672,-56.5424,1,1
14,42,1,-45.9721,-59.3473,1,1
14,44,1,-57.0634,-70.4385,1,0
14,46,1,-58.683,-72.0581,1,0
14,48,1,-60.2539,-73.6291,1,0
14,50,1,-61.6848,-75.06,1,0
14,52,1,-62.9658,-76.341,1,0
14,54,1,-64.1115,-77.4867,1,0
14,56,1,-65.1412,-78.5164,0,0
14,58,1,-66.0727,-79.4479,0,0
14,60,1,-66.9212,-80.2964,0,0
14,62,1,-67.699,-81.0742,0,0
14,64,1,-68.4164,-81.7916,0,0
14,66,1,-69.0815,-82.4567,0,0
14,68,1,-69.7011,-83.0763,0,0
14,70,1,-70.2809,-83.656,0,0
14,72,1,-70.8254,-84.2006,0,0
14,74,1,-71.3387,-84.7138,0,0
14,76,1,-71.8239,-85.1991,0,0
14,78,1,-72.284,-85.6592,0,0
16,0,1,-66.6886,-80.0638,0,0
16,2,1,-66.2478,-79.6229,0,0
16,4,1,-65.7836,-79.1587,0,0
16,6,1,-65.2935,-78.6687,0,0
16,8,1,-64.7746,-78.1497,1,0
16,10,1,-64.2232,-77.5984,1,0
16,12,1,-63.5704,-76.9456,1,0
16,14,1,-63.0053,-76.3805,1,0
16,16,1,-62.3274,-75.7026,1,0
16,18,1,-61.5939,-74.9691,1,0
16,20,1,-60.7952,-74.1703,1,0
16,22,1,-59.919,-73.2942,1,0
16,24,1,-58.9499,-72.3251,1,0
16,26,1,-57.8676,-71.2428,1,0
16,28,1,-56.6454,-70.0206,1,0
16,30,1,-55.2488,-68.624,1,0
16,32,1,-53.6351,-67.0103,1,0
16,34,1,-51.7643,-65.1394,1,0
16,36,1,-49.6557,-63.0309,1,1
16,38,1,-45.9721,-59.3473,1,1
16,40,1,-39.6454,-53.0206,1,1
16,42,1,-45.9721,-59.3473,1,1
16,44,1,-49.6557,-63.0309,1,1
16,46,1,-51.7643,-65.1394,1,0
16,48,1,-53.6351,-67.0103,1,0
16,50,1,-55.2488,-68.624,1,0
16,52,1,-56.6454,-70.0206,1,0
16,54,1,-57.8676,-71.2428,1,0
16,56,1,-58.9499,-72.3251,1,0
16,58,1,-59.919,-73.2942,1,0
16,60,1,-60.7952,-74.1703,1,0
16,62,1,-61.5939,-74.9691,1,0
16,64,1,-62.3274,-75.7026,1,0
16,66,1,-63.0053,-76.3805,1,0
16,68,1,-63.5704,-76.9456,1,0
16,70,1,-64.2232,-77.5984,1,0
16,72,1,-64.7746,-78.1497,1,0
16,74,1,-65.2935,-78.6687,0,0
16,76,1,-65.7836,-79.1587,0,0
16,78,1,-66.2478,-79.6229,0,0
18,0,1,-66.6563,-80.0314,0,0
18,2,1,-66.2119,-79.5871,0,0
18,4,1,-65.7437,-79.1188,0,0
18,6,1,-65.2488,-78.624,0,0
18,8,1,-64.7242,-78.0993,1,0
18,10,1,-64.1659,-77.5411,1,0
18,12,1,-63.5695,-76.9447,1,0
18,14,1,-62.9293,-76.3045,1,0
18,16,1,-62.2385,-75.6137,1,0
18,18,1,-61.4884,-74.8636,1,0
18,20,1,-60.668,-74.0432,1,0
18,22,1,-59.763,-73.1381,1,0
18,24,1,-58.754,-72.1291,1,0
18,26,1,-57.6145,-70.9897,1,0
18,28,1,-56.3068,-69.682,1,0
18,30,1,-54.7746,-68.1497,1,0
18,32,1,-52.9293,-66.3045,1,0
18,34,1,-50.6248,-64,1,1
18,36,1,-47.6145,-60.9897,1,1
18,38,1,-43.6351,-57.0103,1,1
18,40,1,-33.6248,-47,1,1
18,42,1,-43.6351,-57.0103,1,1
18,44,1,-47.6145,-60.9897,1,1
18,46,1,-50.6248,-64,1,1
18,48,1,-52.9293,-66.3045,1,0
18,50,1,-54.7746,-68.1497,1,0
18,52,1,-56.3068,-69.682,1,0
18,54,1,-57.6145,-70.9897,1,0
18,56,1,-58.754,-72.1291,1,0
18,58,1,-59.763,-73.1381,1,0
18,60,1,-60.668,-74.0432,1,0
18,62,1,-61.4884,-74.8636,1,0
18,64,1,-62.2385,-75.6137,1,0
18,66,1,-62.9293,-76.3045,1,0
18,68,1,-63.5695,-76.9447,1,0
18,70,1,-64.1659,-77.5411,1,0
18,72,1,-64.7242,-78.0993,1,0
18,74,1,-65.2488,-78.624,0,0
18,76,1,-65.7437,-79.1188,0,0
18,78,1,-66.2119,-79.5871,0,0
20,0,1,-66.6454,-80.0206,0,0
20,2,1,-66.1999,-79.5751,0,0
20,4,1,-65.7303,-79.1055,0,0
20,6,1,-65.2338,-78.609,0,0
20,8,1,-64.7072,-78.0824,1,0
20,10,1,-64.1466,-77.5218,1,0
20,12,1,-63.5474,-76.9226,1,0
20,14,1,-62.9037,-76.2789,1,0
20,16,1,-62.2084,-75.5836,1,0
20,18,1,-61.4527,-74.8279,1,0
20,20,1,-60.6248,-74,1,0
20,22,1,-59.7097,-73.0849,1,0
20,24,1,-58.6866,-72.0618,1,0
20,26,1,-57.5268,-70.902,1,0
20,28,1,-56.1878,-69.563,1,0
20,30,1,-54.6042,-67.9794,1,0
20,32,1,-52.666,-66.0412,1,0
20,34,1,-50.1672,-63.5424,1,1
20,36,1,-46.6454,-60.0206,1,1
20,38,1,-40.6248,-54,1,1
20,40,1,20,20,1,1
20,42,1,-40.6248,-54,1,1
20,44,1,-46.6454,-60.0206,1,1
20,46,1,-50.1672,-63.5424,1,1
20,48,1,-52.666,-66.0412,1,0
20,50,1,-54.6042,-67.9794,1,0
20,52,1,-56.1878,-69.563,1,0
20,54,1,-57.5268,-70.902,1,0
20,56,1,-58.6866,-72.0618,1,0
20,58,1,-59.7097,-73.0849,1,0
20,60,1,-60.6248,-74,1,0
20,62,1,-61.4527,-74.8279,1,0
20,64,1,-62.2084,-75.5836,1,0
20,66,1,-62.9037,-76.2789,1,0
20,68,1,-63.5474,-76.9226,1,0
20,70,1,-64.1466,-77.5218,1,0
20,72,1,-64.7072,-78.0824,1,0
20,74,1,-65.2338,-78.609,0,0
20,76,1,-65.7303,-79.1055,0,0
20,78,1,-66.1999,-79.5751,0,0
22,0,1,-66.6563,-80.0314,0,0
22,2,1,-66.2119,-79.5871,0,0
22,4,1,-65.7437,-79.1188,0,0
22,6,1,-65.2488,-78.624,0,0
22,8,1,-64.7242,-78.0993,1,0
22,10,1,-64.1659,-77.5411,1,0
22,12,1,-63.5695,-76.9447,1,0
22,14,1,-62.9293,-76.3045,1,0
22,16,1,-62.2385,-75.6137,1,0
22,18,1,-61.4884,-74.8636,1,0
22,20,1,-60.668,-74.0432,1,0
22,22,1,-59.763,-73.1381,1,0
22,24,1,-58.754,-72.1291,1,0
22,26,1,-57.6145,-70.9897,1,0
22,28,1,-56.3068,-69.682,1,0
22,30,1,-54.7746,-68.1497,1,0
22,32,1,-52.9293,-66.3045,1,0
22,34,1,-50.6248,-64,1,1
22,36,1,-47.6145,-60.9897,1,1
22,38,1,-43.6351,-57.0103,1,1
22,40,1,-33.6248,-47,1,1
22,42,1,-43.6351,-57.0103,1,1
22,44,1,-47.6145,-60.9897,1,1
22,46,1,-50.6248,-64,1,1
22,48,1,-52.9293,-66.3045,1,0
22,50,1,-54.7746,-68.1497,1,0
22,52,1,-56.3068,-69.682,1,0
22,54,1,-57.6145,-70.9897,1,0
22,56,1,-58.754,-72.1291,1,0
22,58,1,-59.763,-73.1381,1,0
22,60,1,-60.668,-74.0432,1,0
22,62,1,-61.4884,-74.8636,1,0
22,64,1,-62.2385,-75.6137,1,0
22,66,1,-62.9293,-76.3045,1,0
22,68,1,-63.5695,-76.9447,1,0
22,70,1,-64.1659,-77.5411,1,0
22,72,1,-64.7242,-78.0993,1,0
22,74,1,-65.2488,-78.624,0,0
22,76,1,-65.7437,-79.1188,0,0
22,78,1,-66.2119,-79.5871,0,0
24,0,1,-66.6886,-80.0638,0,0
24,2,1,-66.2478,-79.6229,0,0
24,4,1,-65.7836,-79.1587,0,0
24,6,1,-65.2935,-78.6687,0,0
24,8,1,-64.7746,-78.1497,1,0
24,10,1,-64.2232,-77.5984,1,0
24,12,1,-63.6351,-77.0103,1,0
24,14,1,-63.0053,-76.3805,1,0
24,16,1,-62.3274,-75.7026,1,0
24,18,1,-61.5939,-74.9691,1,0
24,20,1,-60.7952,-74.1703,1,0
24,22,1,-59.8082,-73.1834,1,0
24,24,1,-58.9499,-72.3251,1,0
24,26,1,-57.8676,-71.2428,1,0
24,28,1,-56.4429,-69.8181,1,0
24,30,1,-55.2488,-68.624,1,0
24,32,1,-53.6351,-67.0103,1,0
24,34,1,-51.7643,-65.1394,1,0
24,36,1,-49.6557,-63.0309,1,1
24,38,1,-54.6145,-67.9897,1,0
24,40,1,-39.6454,-53.0206,1,1
24,42,1,-54.6145,-67.9897,1,0
24,44,1,-49.6557,-63.0309,1,1
24,46,1,-51.7643,-65.1394,1,0
24,48,1,-53.6351,-67.0103,1,0
24,50,1,-55.2488,-68.624,1,0
24,52,1,-56.4429,-69.8181,1,0
24,54,1,-57.8676,-71.2428,1,0
24,56,1,-58.9499,-72.3251,1,0
24,58,1,-59.8082,-73.1834,1,0
24,60,1,-60.7952,-74.1703,1,0
24,62,1,-61.5939,-74.9691,1,0
24,64,1,-62.3274,-75.7026,1,0
24,66,1,-63.0053,-76.3805,1,0
24,68,1,-63.6351,-77.0103,1,0
24,70,1,-64.2232,-77.5984,1,0
24,72,1,-64.7746,-78.1497,1,0
24,74,1,-65.2935,-78.6687,0,0
24,76,1,-65.7836,-79.1587,0,0
24,78,1,-66.2478,-79.6229,0,0
26,0,1,-66.7421,-80.1172,0,0
26,2,1,-66.3068,-79.682,0,0
26,4,1,-65.8493,-79.2244,0,0
26,6,1,-65.367,-78.7422,0,0
26,8,1,-64.8573,-78.2325,1,0
26,10,1,-64.317,-77.6922,1,0
26,12,1,-63.7424,-77.1175,1,0
26,14,1,-63.129,-76.5042,1,0
26,16,1,-62.4717,-75.8469,1,0
26,18,1,-61.5088,-74.884,1,0
26,20,1,-60.8735,-74.2487,1,0
26,22,1,-60.1672,-73.5424,1,0
26,24,1,-59.2581,-72.6332,1,0
26,26,1,-58.2591,-71.6343,1,0
26,28,1,-57.1569,-70.5321,1,0
26,30,1,-55.9396,-69.3148,1,0
26,32,1,-53.2539,-66.6291,1,0
26,34,1,-51.683,-65.0581,1,0
26,36,1,-51.7643,-65.1394,1,0
26,38,1,-62.6895,-76.0647,1,0
26,40,1,-43.1672,-56.5424,1,1
26,42,1,-62.6895,-76.0647,1,0
26,44,1,-51.7643,-65.1394,1,0
26,46,1,-51.683,-65.0581,1,0
26,48,1,-53.2539,-66.6291,1,0
26,50,1,-55.9396,-69.3148,1,0
26,52,1,-57.1569,-70.5321,1,0
26,54,1,-58.2591,-71.6343,1,0
26,56,1,-59.2581,-72.6332,1,0
26,58,1,-60.1672,-73.5424,1,0
26,60,1,-60.8735,-74.2487,1,0
26,62,1,-61.5088,-74.884,1,0
26,64,1,-62.4717,-75.8469,1,0
26,66,1,-63.129,-76.5042,1,0
26,68,1,-63.7424,-77.1175,1,0
26,70,1,-64.317,-77.6922,1,0
26,72,1,-64.8573,-78.2325,1,0
26,74,1,-65.367,-78.7422,0,0
26,76,1,-65.8493,-79.2244,0,0
26,78,1,-66.3068,-79.682,0,0
28,0,1,-66.8158,-80.1909,0,0
28,2,1,-66.3882,-79.7634,0,0
28,4,1,-65.9396,-79.3148,0,0
28,6,1,-65.4678,-78.843,0,0
28,8,1,-64.9705,-78.3457,1,0
28,10,1,-64.445,-77.8202,1,0
28,12,1,-63.8882,-77.2634,1,0
28,14,1,-62.9353,-76.3105,1,0
28,16,1,-62.3966,-75.7718,1,0
28,18,1,-61.8341,-75.2092,1,0
28,20,1,-61.2479,-74.623,1,0
28,22,1,-60.4925,-73.8677,1,0
28,24,1,-59.6557,-73.0309,1,0
28,26,1,-58.754,-72.1291,1,0
28,28,1,-57.7849,-71.16,1,0
28,30,1,-56.7527,-70.1278,1,0
28,32,1,-55.6763,-69.0515,1,0
28,34,1,-54.6042,-67.9794,1,0
28,36,1,-48.6895,-62.0647,1,1
28,38,1,-53.6685,-67.0437,1,0
28,40,1,-45.666,-59.0412,1,1
28,42,1,-53.6685,-67.0437,1,0
28,44,1,-48.6895,-62.0647,1,1
28,46,1,-54.6042,-67.9794,1,0
28,48,1,-55.6763,-69.0515,1,0
28,50,1,-56.7527,-70.1278,1,0
28,52,1,-57.7849,-71.16,1,0
28,54,1,-58.754,-72.1291,1,0
28,56,1,-59.6557,-73.0309,1,0
28,58,1,-60.4925,-73.8677,1,0
28,60,1,-61.2479,-74.623,1,0
28,62,1,-61.8341,-75.2092,1,0
28,64,1,-62.3966,-75.7718,1,0
28,66,1,-62.9353,-76.3105,1,0
28,68,1,-63.8882,-77.2634,1,0
28,70,1,-64.445,-77.8202,1,0
28,72,1,-64.9705,-78.3457,1,0
28,74,1,-65.4678,-78.843,0,0
28,76,1,-65.9396,-79.3148,0,0
28,78,1,-66.3882,-79.7634,0,0
30,0,1,-78.9087,-92.2839,0,0
30,2,1,-78.4907,-91.8659,0,0
30,4,1,-78.0531,-91.4283,0,0
30,6,1,-77.5941,-90.9693,0,0
30,8,1,-77.1119,-90.4871,0,0
30,10,1,-76.1628,-89.538,0,0
30,12,1,-75.6955,-89.0707,0,0
30,14,1,-75.2101,-88.5853,0,0
30,16,1,-74.7065,-88.0816,0,0
30,18,1,-74.1851,-87.5603,0,0
30,20,1,-73.5939,-86.9691,0,0
30,22,1,-72.8779,-86.2531,0,0
30,24,1,-72.1187,-85.4939,0,0
30,26,1,-71.3171,-84.6923,0,0
30,28,1,-70.4781,-83.8533,0,0
30,30,1,-69.6145,-82.9897,0,0
30,32,1,-68.7527,-82.1278,0,0
30,34,1,-71.2523,-84.6275,0,0
30,36,1,-69.8674,-83.2426,0,0
30,38,1,-57.7128,-71.0879,1,0
30,40,1,-38.4856,-51.8608,1,1
30,42,1,-57.7128,-71.0879,1,0
30,44,1,-69.8674,-83.2426,0,0
30,46,1,-71.2523,-84.6275,0,0
30,48,1,-68.7527,-82.1278,0,0
30,50,1,-69.6145,-82.9897,0,0
30,52,1,-70.4781,-83.8533,0,0
30,54,1,-71.3171,-84.6923,0,0
30,56,1,-72.1187,-85.4939,0,0
30,58,1,-72.8779,-86.2531,0,0
30,60,1,-73.5939,-86.9691,0,0
30,62,1,-74.1851,-87.5603,0,0
30,64,1,-74.7065,-88.0816,0,0
30,66,1,-75.2101,-88.5853,0,0
30,68,1,-75.6955,-89.0707,0,0
30,70,1,-76.1628,-89.538,0,0
30,72,1,-77.1119,-90.4871,0,0
30,74,1,-77.5941,-90.9693,0,0
30,76,1,-78.0531,-91.4283,0,0
30,78,1,-78.4907,-91.8659,0,0
32,0,1,-66.8158,-80.1909,0,0
32,2,1,-66.3882,-79.7634,0,0
32,4,1,-65.9396,-79.3148,0,0
32,6,1,-65.4678,-78.843,0,0
32,8,1,-64.9705,-78.3457,1,0
32,10,1,-64.445,-77.8202,1,0
32,12,1,-63.8882,-77.2634,1,0
32,14,1,-63.2965,-76.6717,1,0
32,16,1,-62.666,-76.0412,1,0
32,18,1,-61.992,-75.3672,1,0
32,20,1,-61.2694,-74.6446,1,0
32,22,1,-60.4925,-73.8677,1,0
32,24,1,-59.6557,-73.0309,1,0
32,26,1,-58.754,-72.1291,1,0
32,28,1,-57.7849,-71.16,1,0
32,30,1,-56.7527,-70.1278,1,0
32,32,1,-55.6763,-69.0515,1,0
32,34,1,-54.6042,-67.9794,1,0
32,36,1,-48.6895,-62.0647,1,1
32,38,1,-53.6685,-67.0437,1,0
32,40,1,-45.666,-59.0412,1,1
32,42,1,-53.6685,-67.0437,1,0
32,44,1,-48.6895,-62.0647,1,1
32,46,1,-54.6042,-67.9794,1,0
32,48,1,-55.6763,-69.0515,1,0
32,50,1,-56.7527,-70.1278,1,0
32,52,1,-57.7849,-71.16,1,0
32,54,1,-58.754,-72.1291,1,0
32,56,1,-59.6557,-73.0309,1,0
32,58,1,-60.4925,-73.8677,1,0
32,60,1,-61.2694,-74.6446,1,0
32,62,1,-61.992,-75.3672,1,0
32,64,1,-62.666,-76.0412,1,0
32,66,1,-63.2965,-76.6717,1,0
32,68,1,-63.8882,-77.2634,1,0
32,70,1,-64.445,-77.8202,1,0
32,72,1,-64.9705,-78.3457,1,0
32,74,1,-65.4678,-78.843,0,0
32,76,1,-65.9396,-79.3148,0,0
32,78,1,-66.3882,-79.7634,0,0
34,0,1,-66.7421,-80.1172,0,0
34,2,1,-66.3068,-79.682,0,0
34,4,1,-65.8493,-79.2244,0,0
34,6,1,-65.367,-78.7422,0,0
34,8,1,-64.8573,-78.2325,1,0
34,10,1,-64.317,-77.6922,1,0
34,12,1,-63.7424,-77.1175,1,0
34,14,1,-63.129,-76.5042,1,0
34,16,1,-62.4717,-75.8469,1,0
34,18,1,-61.7643,-75.1394,1,0
34,20,1,-60.9991,-74.3743,1,0
34,22,1,-60.1672,-73.5424,1,0
34,24,1,-59.2581,-72.6332,1,0
34,26,1,-58.2591,-71.6343,1,0
34,28,1,-57.1569,-70.5321,1,0
34,30,1,-55.9396,-69.3148,1,0
34,32,1,-53.2539,-66.6291,1,0
34,34,1,-51.683,-65.0581,1,0
34,36,1,-51.7643,-65.1394,1,0
34,38,1,-52.9721,-66.3473,1,0
34,40,1,-43.1672,-56.5424,1,1
34,42,1,-52.9721,-66.3473,1,0
34,44,1,-51.7643,-65.1394,1,0
34,46,1,-51.683,-65.0581,1,0
34,48,1,-53.2539,-66.6291,1,0
34,50,1,-55.9396,-69.3148,1,0
34,52,1,-57.1569,-70.5321,1,0
34,54,1,-58.2591,-71.6343,1,0
34,56,1,-59.2581,-72.6332,1,0
34,58,1,-60.1672,-73.5424,1,0
34,60,1,-60.9991,-74.3743,1,0
34,62,1,-61.7643,-75.1394,1,0
34,64,1,-62.4717,-75.8469,1,0
34,66,1,-63.129,-76.5042,1,0
34,68,1,-63.7424,-77.1175,1,0
34,70,1,-64.317,-77.6922,1,0
34,72,1,-64.8573,-78.2325,1,0
34,74,1,-65.367,-78.7422,0,0
34,76,1,-65.8493,-79.2244,0,0
34,78,1,-66.3068,-79.682,0,0
36,0,1,-66.6886,-80.0638,0,0
36,2,1,-66.2478,-79.6229,0,0
36,4,1,-65.7836,-79.1587,0,0
36,6,1,-65.2935,-78.6687,0,0
36,8,1,-64.7746,-78.1497,1,0
36,10,1,-64.2232,-77.5984,1,0
36,12,1,-63.6351,-77.0103,1,0
36,14,1,-63.0053,-76.3805,1,0
36,16,1,-62.3274,-75.7026,1,0
36,18,1,-61.5939,-74.9691,1,0
36,20,1,-60.7952,-74.1703,1,0
36,22,1,-59.919,-73.2942,1,0
36,24,1,-58.9499,-72.3251,1,0
36,26,1,-57.8676,-71.2428,1,0
36,28,1,-56.4429,-69.8181,1,0
36,30,1,-55.2488,-68.624,1,0
36,32,1,-53.6351,-67.0103,1,0
36,34,1,-51.7643,-65.1394,1,0
36,36,1,-49.6557,-63.0309,1,1
36,38,1,-52.9721,-66.3473,1,0
36,40,1,-39.6454,-53.0206,1,1
36,42,1,-52.9721,-66.3473,1,0
36,44,1,-49.6557,-63.0309,1,1
36,46,1,-51.7643,-65.1394,1,0
36,48,1,-53.6351,-67.0103,1,0
36,50,1,-55.2488,-68.624,1,0
36,52,1,-56.4429,-69.8181,1,0
36,54,1,-57.8676,-71.2428,1,0
36,56,1,-58.9499,-72.3251,1,0
36,58,1,-59.919,-73.2942,1,0
36,60,1,-60.7952,-74.1703,1,0
36,62,1,-61.5939,-74.9691,1,0
36,64,1,-62.3274,-75.7026,1,0
36,66,1,-63.0053,-76.3805,1,0
36,68,1,-63.6351,-77.0103,1,0
36,70,1,-64.2232,-77.5984,1,0
36,72,1,-64.7746,-78.1497,1,0
36,74,1,-65.2935,-78.6687,0,0
36,76,1,-65.7836,-79.1587,0,0
36,78,1,-66.2478,-79.6229,0,0
38,0,1,-66.6563,-80.0314,0,0
38,2,1,-66.2119,-79.5871,0,0
38,4,1,-65.7437,-79.1188,0,0
38,6,1,-65.2488,-78.624,0,0
38,8,1,-64.7242,-78.0993,1,0
38,10,1,-64.1659,-77.5411,1,0
38,12,1,-63.5695,-76.9447,1,0
38,14,1,-62.9293,-76.3045,1,0
38,16,1,-62.2385,-75.6137,1,0
38,18,1,-61.4884,-74.8636,1,0
38,20,1,-60.668,-74.0432,1,0
38,22,1,-59.763,-73.1381,1,0
38,24,1,-58.754,-72.1291,1,0
38,26,1,-57.6145,-70.9897,1,0
38,28,1,-56.3068,-69.682,1,0
38,30,1,-54.7746,-68.1497,1,0
38,32,1,-52.9293,-66.3045,1,0
38,34,1,-50.6248,-64,1,1
38,36,1,-47.6145,-60.9897,1,1
38,38,1,-43.6351,-57.0103,1,1
38,40,1,-33.6248,-47,1,1
38,42,1,-43.6351,-57.0103,1,1
38,44,1,-47.6145,-60.9897,1,1
38,46,1,-50.6248,-64,1,1
38,48,1,-52.9293,-66.3045,1,0
38,50,1,-54.7746,-68.1497,1,0
38,52,1,-56.3068,-69.682,1,0
38,54,1,-57.6145,-70.9897,1,0
38,56,1,-58.754,-72.1291,1,0
38,58,1,-59.763,-73.1381,1,0
38,60,1,-60.668,-74.0432,1,0
38,62,1,-61.4884,-74.8636,1,0
38,64,1,-62.2385,-75.6137,1,0
38,66,1,-62.9293,-76.3045,1,0
38,68,1,-63.5695,-76.9447,1,0
38,70,1,-64.1659,-77.5411,1,0
38,72,1,-64.7242,-78.0993,1,0
38,74,1,-65.2488,-78.624,0,0
38,76,1,-65.7437,-79.1188,0,0
38,78,1,-66.2119,-79.5871,0,0
40,0,1,-78.6454,-92.0206,0,0
40,2,1,-66.1999,-79.5751,0,0
40,4,1,-65.7303,-79.1055,0,0
40,6,1,-65.2338,-78.609,0,0
40,8,1,-64.7072,-78.0824,1,0
40,10,1,-64.1466,-77.5218,1,0
40,12,1,-63.5474,-76.9226,1,0
40,14,1,-62.9037,-76.2789,1,0
40,16,1,-62.2084,-75.5836,1,0
40,18,1,-61.4527,-74.8279,1,0
40,20,1,-60.6248,-74,1,0
40,22,1,-59.7097,-73.0849,1,0
40,24,1,-58.6866,-72.0618,1,0
40,26,1,-57.5268,-70.902,1,0
40,28,1,-56.1878,-69.563,1,0
40,30,1,-54.6042,-67.9794,1,0
40,32,1,-52.666,-66.0412,1,0
40,34,1,-50.1672,-63.5424,1,1
40,36,1,-46.6454,-60.0206,1,1
40,38,1,-40.6248,-54,1,1
40,40,1,20,20,1,1
40,42,1,-40.6248,-54,1,1
40,44,1,-46.6454,-60.0206,1,1
40,46,1,-50.1672,-63.5424,1,1
40,48,1,-52.666,-66.0412,1,0
40,50,1,-54.6042,-67.9794,1,0
40,52,1,-56.1878,-69.563,1,0
40,54,1,-57.5268,-70.902,1,0
40,56,1,-58.6866,-72.0618,1,0
40,58,1,-59.7097,-73.0849,1,0
40,60,1,-60.6248,-74,1,0
40,62,1,-61.4527,-74.8279,1,0
40,64,1,-62.2084,-75.5836,1,0
40,66,1,-62.9037,-76.2789,1,0
40,68,1,-63.5474,-76.9226,1,0
40,70,1,-64.1466,-77.5218,1,0
40,72,1,-64.7072,-78.0824,1,0
40,74,1,-65.2338,-78.609,0,0
40,76,1,-65.7303,-79.1055,0,0
40,78,1,-66.1999,-79.5751,0,0
42,0,1,-66.6563,-80.0314,0,0
42,2,1,-66.2119,-79.5871,0,0
42,4,1,-65.7437,-79.1188,0,0
42,6,1,-65.2488,-78.624,0,0
42,8,1,-64.7242,-78.0993,1,0
42,10,1,-64.1659,-77.5411,1,0
42,12,1,-63.5695,-76.9447,1,0
42,14,1,-62.9293,-76.3045,1,0
42,16,1,-62.2385,-75.6137,1,0
42,18,1,-61.4884,-74.8636,1,0
42,20,1,-60.668,-74.0432,1,0
42,22,1,-59.763,-73.1381,1,0
42,24,1,-58.754,-72.1291,1,0
42,26,1,-57.6145,-70.9897,1,0
42,28,1,-56.3068,-69.682,1,0
42,30,1,-54.7746,-68.1497,1,0
42,32,1,-52.9293,-66.3045,1,0
42,34,1,-50.6248,-64,1,1
42,36,1,-47.6145,-60.9897,1,1
42,38,1,-43.6351,-57.0103,1,1
42,40,1,-33.6248,-47,1,1
42,42,1,-43.6351,-57.0103,1,1
42,44,1,-47.6145,-60.9897,1,1
42,46,1,-50.6248,-64,1,1
42,48,1,-52.9293,-66.3045,1,0
42,50,1,-54.7746,-68.1497,1,0
42,52,1,-56.3068,-69.682,1,0
42,54,1,-57.6145,-70.9897,1,0
42,56,1,-58.754,-72.1291,1,0
42,58,1,-59.763,-73.1381,1,0
42,60,1,-60.668,-74.0432,1,0
42,62,1,-61.4884,-74.8636,1,0
42,64,1,-62.2385,-75.6137,1,0
42,66,1,-62.9293,-76.3045,1,0
42,68,1,-63.5695,-76.9447,1,0
42,70,1,-64.1659,-77.5411,1,0
42,72,1,-64.7242,-78.0993,1,0
42,74,1,-65.2488,-78.624,0,0
42,76,1,-65.7437,-79.1188,0,0
42,78,1,-66.2119,-79.5871,0,0
44,0,1,-66.6886,-80.0638,0,0
44,2,1,-66.2478,-79.6229,0,0
44,4,1,-65.7836,-79.1587,0,0
44,6,1,-65.2935,-78.6687,0,0
44,8,1,-64.7746,-78.1497,1,0
44,10,1,-64.2232,-77.5984,1,0
44,12,1,-63.5704,-76.9456,1,0
44,14,1,-63.0053,-76.3805,1,0
44,16,1,-62.3274,-75.7026,1,0
44,18,1,-61.5939,-74.9691,1,0
44,20,1,-60.7952,-74.1703,1,0
44,22,1,-59.919,-73.2942,1,0
44,24,1,-58.9499,-72.3251,1,0
44,26,1,-57.8676,-71.2428,1,0
44,28,1,-56.6454,-70.0206,1,0
44,30,1,-55.2488,-68.624,1,0
44,32,1,-53.6351,-67.0103,1,0
44,34,1,-51.7643,-65.1394,1,0
44,36,1,-49.6557,-63.0309,1,1
44,38,1,-54.6145,-67.9897,1,0
44,40,1,-39.6454,-53.0206,1,1
44,42,1,-54.6145,-67.9897,1,0
44,44,1,-49.6557,-63.0309,1,1
44,46,1,-51.7643,-65.1394,1,0
44,48,1,-53.6351,-67.0103,1,0
44,50,1,-55.2488,-68.624,1,0
44,52,1,-56.6454,-70.0206,1,0
44,54,1,-57.8676,-71.2428,1,0
44,56,1,-58.9499,-72.3251,1,0
44,58,1,-59.919,-73.2942,1,0
44,60,1,-60.7952,-74.1703,1,0
44,62,1,-61.5939,-74.9691,1,0
44,64,1,-62.3274,-75.7026,1,0
44,66,1,-63.0053,-76.3805,1,0
44,68,1,-63.5704,-76.9456,1,0
44,70,1,-64.2232,-77.5984,1,0
44,72,1,-64.7746,-78.1497,1,0
44,74,1,-65.2935,-78.6687,0,0
44,76,1,-65.7836,-79.1587,0,0
44,78,1,-66.2478,-79.6229,0,0
46,0,1,-72.1473,-85.5225,0,0
46,2,1,-71.7527,-85.1278,0,0
46,4,1,-71.3419,-84.7171,0,0
46,6,1,-70.914,-84.2892,0,0
46,8,1,-70.4678,-83.843,0,0
46,10,1,-70.0023,-83.3775,0,0
46,12,1,-57.5165,-70.8917,1,0
46,14,1,-57.0094,-70.3846,1,0
46,16,1,-56.4804,-69.8556,1,0
46,18,1,-55.9293,-69.3045,1,0
46,20,1,-55.3567,-68.7319,1,0
46,22,1,-54.7643,-68.1394,1,0
46,24,1,-54.1556,-67.5308,1,0
46,26,1,-60.5371,-73.9123,1,0
46,28,1,-59.919,-73.2942,1,0
46,30,1,-59.3171,-72.6923,1,0
46,32,1,-60.2539,-73.6291,1,0
46,34,1,-58.683,-72.0581,1,0
46,36,1,-57.0634,-70.4385,1,0
46,38,1,-57.6248,-71,1,0
46,40,1,-43.1672,-56.5424,1,1
46,42,1,-57.6248,-71,1,0
46,44,1,-57.0634,-70.4385,1,0
46,46,1,-58.683,-72.0581,1,0
46,48,1,-60.2539,-73.6291,1,0
46,50,1,-59.3171,-72.6923,1,0
46,52,1,-59.919,-73.2942,1,0
46,54,1,-60.5371,-73.9123,1,0
46,56,1,-54.1556,-67.5308,1,0
46,58,1,-54.7643,-68.1394,1,0
46,60,1,-55.3567,-68.7319,1,0
46,62,1,-55.9293,-69.3045,1,0
46,64,1,-56.4804,-69.8556,1,0
46,66,1,-57.0094,-70.3846,1,0
46,68,1,-57.5165,-70.8917,1,0
46,70,1,-70.0023,-83.3775,0,0
46,72,1,-70.4678,-83.843,0,0
46,74,1,-70.914,-84.2892,0,0
46,76,1,-71.3419,-84.7171,0,0
46,78,1,-71.7527,-85.1278,0,0
48,0,1,-72.6893,-86.0645,0,0
48,2,1,-72.2485,-85.6237,0,0
48,4,1,-71.1878,-84.563,0,0
48,6,1,-70.7437,-84.1188,0,0
48,8,1,-70.2787,-83.6538,0,0
48,10,1,-69.7912,-83.1664,0,0
48,12,1,-69.2797,-82.6549,0,0
48,14,1,-68.7424,-82.1175,0,0
48,16,1,-56.1775,-69.5527,1,0
48,18,1,-55.5838,-68.959,1,0
48,20,1,-54.9602,-68.3354,1,0
48,22,1,-54.3067,-67.6819,1,0
48,24,1,-53.6248,-67,1,0
48,26,1,-52.919,-66.2942,1,0
48,28,1,-59.1981,-72.5733,1,0
48,30,1,-58.4781,-71.8533,1,0
48,32,1,-57.7849,-71.16,1,0
48,34,1,-57.7851,-71.1603,1,0
48,36,1,-55.6895,-69.0647,1,0
48,38,1,-53.6685,-67.0437,1,0
48,40,1,-45.666,-59.0412,1,1
48,42,1,-53.6685,-67.0437,1,0
48,44,1,-55.6895,-69.0647,1,0
48,46,1,-57.7851,-71.1603,1,0
48,48,1,-57.7849,-71.16,1,0
48,50,1,-58.4781,-71.8533,1,0
48,52,1,-59.1981,-72.5733,1,0
48,54,1,-52.919,-66.2942,1,0
48,56,1,-53.6248,-67,1,0
48,58,1,-54.3067,-67.6819,1,0
48,60,1,-54.9602,-68.3354,1,0
48,62,1,-55.5838,-68.959,1,0
48,64,1,-56.1775,-69.5527,1,0
48,66,1,-68.7424,-82.1175,0,0
48,68,1,-69.2797,-82.6549,0,0
48,70,1,-69.7912,-83.1664,0,0
48,72,1,-70.2787,-83.6538,0,0
48,74,1,-70.7437,-84.1188,0,0
48,76,1,-71.1878,-84.563,0,0
48,78,1,-72.2485,-85.6237,0,0
50,0,1,-72.6785,-86.0537,0,0
50,2,1,-72.2366,-85.6118,0,0
50,4,1,-71.7711,-85.1463,0,0
50,6,1,-71.2796,-84.6548,0,0
50,8,1,-70.7589,-84.134,0,0
50,10,1,-69.6042,-82.9794,0,0
50,12,1,-69.0687,-82.4439,0,0
50,14,1,-68.5028,-81.878,0,0
50,16,1,-67.9037,-81.2789,0,0
50,18,1,-67.2684,-80.6435,0,0
50,20,1,-54.5939,-67.9691,1,0
50,22,1,-53.8779,-67.2531,1,0
50,24,1,-53.1187,-66.4939,1,0
50,26,1,-52.3171,-65.6923,1,0
50,28,1,-51.4781,-64.8533,1,1
50,30,1,-57.6145,-70.9897,1,0
50,32,1,-56.7527,-70.1278,1,0
50,34,1,-57.4392,-70.8144,1,0
50,36,1,-55.1144,-68.4896,1,0
50,38,1,-52.7128,-66.0879,1,0
50,40,1,-38.4856,-51.8608,1,1
50,42,1,-52.7128,-66.0879,1,0
50,44,1,-55.1144,-68.4896,1,0
50,46,1,-57.4392,-70.8144,1,0
50,48,1,-56.7527,-70.1278,1,0
50,50,1,-57.6145,-70.9897,1,0
50,52,1,-51.4781,-64.8533,1,1
50,54,1,-52.3171,-65.6923,1,0
50,56,1,-53.1187,-66.4939,1,0
50,58,1,-53.8779,-67.2531,1,0
50,60,1,-54.5939,-67.9691,1,0
50,62,1,-67.2684,-80.6435,0,0
50,64,1,-67.9037,-81.2789,0,0
50,66,1,-68.5028,-81.878,0,0
50,68,1,-69.0687,-82.4439,0,0
50,70,1,-69.6042,-82.9794,0,0
50,72,1,-70.7589,-84.134,0,0
50,74,1,-71.2796,-84.6548,0,0
50,76,1,-71.7711,-85.1463,0,0
50,78,1,-72.2366,-85.6118,0,0
52,0,1,-72.6893,-86.0645,0,0
52,2,1,-72.2485,-85.6237,0,0
52,4,1,-71.7844,-85.1596,0,0
52,6,1,-71.2944,-84.6696,0,0
52,8,1,-70.7756,-84.1508,0,0
52,10,1,-70.2244,-83.5995,0,0
52,12,1,-69.6365,-83.0117,0,0
52,14,1,-69.0069,-82.382,0,0
52,16,1,-67.666,-81.0412,0,0
52,18,1,-66.992,-80.3672,0,0
52,20,1,-66.2694,-79.6446,0,0
52,22,1,-65.4925,-78.8677,0,0
52,24,1,-52.6557,-66.0309,1,0
52,26,1,-51.754,-65.1291,1,0
52,28,1,-50.7849,-64.16,1,1
52,30,1,-49.7527,-63.1278,1,1
52,32,1,-55.6763,-69.0515,1,0
52,34,1,-54.6042,-67.9794,1,0
52,36,1,-55.6895,-69.0647,1,0
52,38,1,-53.6685,-67.0437,1,0
52,40,1,-45.666,-59.0412,1,1
52,42,1,-53.6685,-67.0437,1,0
52,44,1,-55.6895,-69.0647,1,0
52,46,1,-54.6042,-67.9794,1,0
52,48,1,-55.6763,-69.0515,1,0
52,50,1,-49.7527,-63.1278,1,1
52,52,1,-50.7849,-64.16,1,1
52,54,1,-51.754,-65.1291,1,0
52,56,1,-52.6557,-66.0309,1,0
52,58,1,-65.4925,-78.8677,0,0
52,60,1,-66.2694,-79.6446,0,0
52,62,1,-66.992,-80.3672,0,0
52,64,1,-67.666,-81.0412,0,0
52,66,1,-69.0069,-82.382,0,0
52,68,1,-69.6365,-83.0117,0,0
52,70,1,-70.2244,-83.5995,0,0
52,72,1,-70.7756,-84.1508,0,0
52,74,1,-71.2944,-84.6696,0,0
52,76,1,-71.7844,-85.1596,0,0
52,78,1,-72.2485,-85.6237,0,0
54,0,1,-72.6812,-86.0564,0,0
54,2,1,-72.2396,-85.6147,0,0
54,4,1,-71.7745,-85.1496,0,0
54,6,1,-71.2833,-84.6585,0,0
54,8,1,-70.7631,-84.1382,0,0
54,10,1,-70.2101,-83.5853,0,0
54,12,1,-69.6202,-82.9953,0,0
54,14,1,-68.988,-82.3632,0,0
54,16,1,-68.3072,-81.6824,0,0
54,18,1,-67.57,-80.9451,0,0
54,20,1,-66.7664,-80.1415,0,0
54,22,1,-65.1672,-78.5424,0,0
54,24,1,-64.2581,-77.6332,1,0
54,26,1,-63.2591,-76.6343,1,0
54,28,1,-50.1569,-63.5321,1,1
54,30,1,-48.9396,-62.3148,1,1
54,32,1,-47.6042,-60.9794,1,1
54,34,1,-53.1775,-66.5527,1,0
54,36,1,-51.7643,-65.1394,1,0
54,38,1,-52.9721,-66.3473,1,0
54,40,1,-43.1672,-56.5424,1,1
54,42,1,-52.9721,-66.3473,1,0
54,44,1,-51.7643,-65.1394,1,0
54,46,1,-53.1775,-66.5527,1,0
54,48,1,-47.6042,-60.9794,1,1
54,50,1,-48.9396,-62.3148,1,1
54,52,1,-50.1569,-63.5321,1,1
54,54,1,-63.2591,-76.6343,1,0
54,56,1,-64.2581,-77.6332,1,0
54,58,1,-65.1672,-78.5424,0,0
54,60,1,-66.7664,-80.1415,0,0
54,62,1,-67.57,-80.9451,0,0
54,64,1,-68.3072,-81.6824,0,0
54,66,1,-68.988,-82.3632,0,0
54,68,1,-69.6202,-82.9953,0,0
54,70,1,-70.2101,-83.5853,0,0
54,72,1,-70.7631,-84.1382,0,0
54,74,1,-71.2833,-84.6585,0,0
54,76,1,-71.7745,-85.1496,0,0
54,78,1,-72.2396,-85.6147,0,0
56,0,1,-72.6812,-86.0564,0,0
56,2,1,-72.2396,-85.6147,0,0
56,4,1,-71.7745,-85.1496,0,0
56,6,1,-71.2833,-84.6585,0,0
56,8,1,-70.7631,-84.1382,0,0
56,10,1,-70.2101,-83.5853,0,0
56,12,1,-69.6202,-82.9953,0,0
56,14,1,-68.988,-82.3632,0,0
56,16,1,-68.3072,-81.6824,0,0
56,18,1,-67.57,-80.9451,0,0
56,20,1,-66.7664,-80.1415,0,0
56,22,1,-65.8837,-79.2589,0,0
56,24,1,-64.9058,-78.281,1,0
56,26,1,-63.8109,-77.1861,1,0
56,28,1,-61.6454,-75.0206,1,0
56,30,1,-60.2488,-73.624,1,0
56,32,1,-46.6351,-60.0103,1,1
56,34,1,-44.7643,-58.1394,1,1
56,36,1,-49.6557,-63.0309,1,1
56,38,1,-52.9721,-66.3473,1,0
56,40,1,-39.6454,-53.0206,1,1
56,42,1,-52.9721,-66.3473,1,0
56,44,1,-49.6557,-63.0309,1,1
56,46,1,-44.7643,-58.1394,1,1
56,48,1,-46.6351,-60.0103,1,1
56,50,1,-60.2488,-73.624,1,0
56,52,1,-61.6454,-75.0206,1,0
56,54,1,-63.8109,-77.1861,1,0
56,56,1,-64.9058,-78.281,1,0
56,58,1,-65.8837,-79.2589,0,0
56,60,1,-66.7664,-80.1415,0,0
56,62,1,-67.57,-80.9451,0,0
56,64,1,-68.3072,-81.6824,0,0
56,66,1,-68.988,-82.3632,0,0
56,68,1,-69.6202,-82.9953,0,0
56,70,1,-70.2101,-83.5853,0,0
56,72,1,-70.7631,-84.1382,0,0
56,74,1,-71.2833,-84.6585,0,0
56,76,1,-71.7745,-85.1496,0,0
56,78,1,-72.2396,-85.6147,0,0
58,0,1,-72.7027,-86.0779,0,0
58,2,1,-72.2633,-85.6385,0,0
58,4,1,-71.8009,-85.1761,0,0
58,6,1,-71.3129,-84.6881,0,0
58,8,1,-70.7964,-84.1716,0,0
58,10,1,-70.248,-83.6232,0,0
58,12,1,-69.6635,-83.0387,0,0
58,14,1,-69.0381,-82.4133,0,0
58,16,1,-68.3658,-81.741,0,0
58,18,1,-67.6393,-81.0145,0,0
58,20,1,-66.8496,-80.2248,0,0
58,22,1,-65.9856,-79.3607,0,0
58,24,1,-65.0329,-78.4081,0,0
58,26,1,-63.9738,-77.349,1,0
58,28,1,-62.7856,-76.1608,1,0
58,30,1,-61.441,-74.8162,1,0
58,32,1,-59.9112,-73.2863,1,0
58,34,1,-55.6248,-69,1,0
58,36,1,-40.6145,-53.9897,1,1
58,38,1,-43.6351,-57.0103,1,1
58,40,1,-33.6248,-47,1,1
58,42,1,-43.6351,-57.0103,1,1
58,44,1,-40.6145,-53.9897,1,1
58,46,1,-55.6248,-69,1,0
58,48,1,-59.9112,-73.2863,1,0
58,50,1,-61.441,-74.8162,1,0
58,52,1,-62.7856,-76.1608,1,0
58,54,1,-63.9738,-77.349,1,0
58,56,1,-65.0329,-78.4081,0,0
58,58,1,-65.9856,-79.3607,0,0
58,60,1,-66.8496,-80.2248,0,0
58,62,1,-67.6393,-81.0145,0,0
58,64,1,-68.3658,-81.741,0,0
58,66,1,-69.0381,-82.4133,0,0
58,68,1,-69.6635,-83.0387,0,0
58,70,1,-70.248,-83.6232,0,0
58,72,1,-70.7964,-84.1716,0,0
58,74,1,-71.3129,-84.6881,0,0
58,76,1,-71.8009,-85.1761,0,0
58,78,1,-72.2633,-85.6385,0,0
60,0,1,-84.7454,-98.1206,0,0
60,2,1,-84.3105,-97.6857,0,0
60,4,1,-83.8533,-97.2285,0,0
60,6,1,-83.3715,-96.7467,0,0
60,8,1,-82.8624,-96.2376,0,0
60,10,1,-76.1628,-89.538,0,0
60,12,1,-75.6955,-89.0707,0,0
60,14,1,-75.2101,-88.5853,0,0
60,16,1,-74.7065,-88.0816,0,0
60,18,1,-74.1851,-87.5603,0,0
60,20,1,-73.6473,-87.0225,0,0
60,22,1,-73.0958,-86.471,0,0
60,24,1,-72.5349,-85.9101,0,0
60,26,1,-76.2824,-89.6576,0,0
60,28,1,-75.187,-88.5622,0,0
60,30,1,-73.9793,-87.3545,0,0
60,32,1,-72.6582,-86.0334,0,0
60,34,1,-71.2523,-84.6275,0,0
60,36,1,-69.8674,-83.2426,0,0
60,38,1,-45.6248,-59,1,1
60,40,1,20,20,1,1
60,42,1,-45.6248,-59,1,1
60,44,1,-69.8674,-83.2426,0,0
60,46,1,-71.2523,-84.6275,0,0
60,48,1,-72.6582,-86.0334,0,0
60,50,1,-73.9793,-87.3545,0,0
60,52,1,-75.187,-88.5622,0,0
60,54,1,-76.2824,-89.6576,0,0
60,56,1,-72.5349,-85.9101,0,0
60,58,1,-73.0958,-86.471,0,0
60,60,1,-73.6473,-87.0225,0,0
60,62,1,-74.1851,-87.5603,0,0
60,64,1,-74.7065,-88.0816,0,0
60,66,1,-75.2101,-88.5853,0,0
60,68,1,-75.6955,-89.0707,0,0
60,70,1,-76.1628,-89.538,0,0
60,72,1,-82.8624,-96.2376,0,0
60,74,1,-83.3715,-96.7467,0,0
60,76,1,-83.8533,-97.2285,0,0
60,78,1,-84.3105,-97.6857,0,0
62,0,1,-72.8476,-86.2228,0,0
62,2,1,-72.4234,-85.7986,0,0
62,4,1,-71.9786,-85.3537,0,0
62,6,1,-71.5112,-84.8864,0,0
62,8,1,-71.0191,-84.3943,0,0
62,10,1,-70.4998,-83.875,0,0
62,12,1,-69.9505,-83.3256,0,0
62,14,1,-62.9353,-76.3105,1,0
62,16,1,-62.3966,-75.7718,1,0
62,18,1,-61.8341,-75.2092,1,0
62,20,1,-61.2479,-74.623,1,0
62,22,1,-60.6393,-74.0145,1,0
62,24,1,-60.0115,-73.3867,1,0
62,26,1,-59.3705,-72.7457,1,0
62,28,1,-64.0334,-77.4086,1,0
62,30,1,-63.0655,-76.4407,1,0
62,32,1,-62.0733,-75.4484,1,0
62,34,1,-55.6248,-69,1,0
62,36,1,-40.6145,-53.9897,1,1
62,38,1,-43.6351,-57.0103,1,1
62,40,1,-33.6248,-47,1,1
62,42,1,-43.6351,-57.0103,1,1
62,44,1,-40.6145,-53.9897,1,1
62,46,1,-55.6248,-69,1,0
62,48,1,-62.0733,-75.4484,1,0
62,50,1,-63.0655,-76.4407,1,0
62,52,1,-64.0334,-77.4086,1,0
62,54,1,-59.3705,-72.7457,1,0
62,56,1,-60.0115,-73.3867,1,0
62,58,1,-60.6393,-74.0145,1,0
62,60,1,-61.2479,-74.623,1,0
62,62,1,-61.8341,-75.2092,1,0
62,64,1,-62.3966,-75.7718,1,0
62,66,1,-62.9353,-76.3105,1,0
62,68,1,-69.9505,-83.3256,0,0
62,70,1,-70.4998,-83.875,0,0
62,72,1,-71.0191,-84.3943,0,0
62,74,1,-71.5112,-84.8864,0,0
62,76,1,-71.9786,-85.3537,0,0
62,78,1,-72.4234,-85.7986,0,0
64,0,1,-72.7745,-86.1496,0,0
64,2,1,-72.3426,-85.7178,0,0
64,4,1,-71.889,-85.2642,0,0
64,6,1,-71.4114,-84.7866,0,0
64,8,1,-70.9072,-84.2824,0,0
64,10,1,-70.3735,-83.7486,0,0
64,12,1,-69.8068,-83.1819,0,0
64,14,1,-69.2031,-82.5783,0,0
64,16,1,-68.5578,-81.933,0,0
64,18,1,-61.5088,-74.884,1,0
64,20,1,-60.8735,-74.2487,1,0
64,22,1,-60.2058,-73.5809,1,0
64,24,1,-59.5065,-72.8817,1,0
64,26,1,-58.7795,-72.1547,1,0
64,28,1,-58.0329,-71.4081,1,0
64,30,1,-60.2488,-73.624,1,0
64,32,1,-46.6351,-60.0103,1,1
64,34,1,-44.7643,-58.1394,1,1
64,36,1,-49.6557,-63.0309,1,1
64,38,1,-54.6145,-67.9897,1,0
64,40,1,-39.6454,-53.0206,1,1
64,42,1,-54.6145,-67.9897,1,0
64,44,1,-49.6557,-63.0309,1,1
64,46,1,-44.7643,-58.1394,1,1
64,48,1,-46.6351,-60.0103,1,1
64,50,1,-60.2488,-73.624,1,0
64,52,1,-58.0329,-71.4081,1,0
64,54,1,-58.7795,-72.1547,1,0
64,56,1,-59.5065,-72.8817,1,0
64,58,1,-60.2058,-73.5809,1,0
64,60,1,-60.8735,-74.2487,1,0
64,62,1,-61.5088,-74.884,1,0
64,64,1,-68.5578,-81.933,0,0
64,66,1,-69.2031,-82.5783,0,0
64,68,1,-69.8068,-83.1819,0,0
64,70,1,-70.3735,-83.7486,0,0
64,72,1,-70.9072,-84.2824,0,0
64,74,1,-71.4114,-84.7866,0,0
64,76,1,-71.889,-85.2642,0,0
64,78,1,-72.3426,-85.7178,0,0
66,0,1,-72.7214,-86.0966,0,0
66,2,1,-72.284,-85.6592,0,0
66,4,1,-71.8239,-85.1991,0,0
66,6,1,-71.3387,-84.7138,0,0
66,8,1,-70.8254,-84.2006,0,0
66,10,1,-70.2809,-83.656,0,0
66,12,1,-69.7011,-83.0763,0,0
66,14,1,-69.0815,-82.4567,0,0
66,16,1,-68.4164,-81.7916,0,0
66,18,1,-67.699,-81.0742,0,0
66,20,1,-66.9212,-80.2964,0,0
66,22,1,-59.8082,-73.1834,1,0
66,24,1,-59.0356,-72.4108,1,0
66,26,1,-58.217,-71.5921,1,0
66,28,1,-50.1569,-63.5321,1,1
66,30,1,-48.9396,-62.3148,1,1
66,32,1,-47.6042,-60.9794,1,1
66,34,1,-53.1775,-66.5527,1,0
66,36,1,-51.7643,-65.1394,1,0
66,38,1,-62.6895,-76.0647,1,0
66,40,1,-43.1672,-56.5424,1,1
66,42,1,-62.6895,-76.0647,1,0
66,44,1,-51.7643,-65.1394,1,0
66,46,1,-53.1775,-66.5527,1,0
66,48,1,-47.6042,-60.9794,1,1
66,50,1,-48.9396,-62.3148,1,1
66,52,1,-50.1569,-63.5321,1,1
66,54,1,-58.217,-71.5921,1,0
66,56,1,-59.0356,-72.4108,1,0
66,58,1,-59.8082,-73.1834,1,0
66,60,1,-66.9212,-80.2964,0,0
66,62,1,-67.699,-81.0742,0,0
66,64,1,-68.4164,-81.7916,0,0
66,66,1,-69.0815,-82.4567,0,0
66,68,1,-69.7011,-83.0763,0,0
66,70,1,-70.2809,-83.656,0,0
66,72,1,-70.8254,-84.2006,0,0
66,74,1,-71.3387,-84.7138,0,0
66,76,1,-71.8239,-85.1991,0,0
66,78,1,-72.284,-85.6592,0,0
68,0,1,-72.6893,-86.0645,0,0
68,2,1,-72.2485,-85.6237,0,0
68,4,1,-71.7844,-85.1596,0,0
68,6,1,-71.2944,-84.6696,0,0
68,8,1,-70.7756,-84.1508,0,0
68,10,1,-70.2244,-83.5995,0,0
68,12,1,-69.6365,-83.0117,0,0
68,14,1,-69.0069,-82.382,0,0
68,16,1,-67.666,-81.0412,0,0
68,18,1,-66.992,-80.3672,0,0
68,20,1,-66.2694,-79.6446,0,0
68,22,1,-65.4925,-78.8677,0,0
68,24,1,-52.6557,-66.0309,1,0
68,26,1,-51.754,-65.1291,1,0
68,28,1,-50.7849,-64.16,1,1
68,30,1,-49.7527,-63.1278,1,1
68,32,1,-54.582,-67.9572,1,0
68,34,1,-54.6042,-67.9794,1,0
68,36,1,-55.6895,-69.0647,1,0
68,38,1,-53.6685,-67.0437,1,0
68,40,1,-45.666,-59.0412,1,1
68,42,1,-53.6685,-67.0437,1,0
68,44,1,-55.6895,-69.0647,1,0
68,46,1,-54.6042,-67.9794,1,0
68,48,1,-54.582,-67.9572,1,0
68,50,1,-49.7527,-63.1278,1,1
68,52,1,-50.7849,-64.16,1,1
68,54,1,-51.754,-65.1291,1,0
68,56,1,-52.6557,-66.0309,1,0
68,58,1,-65.4925,-78.8677,0,0
68,60,1,-66.2694,-79.6446,0,0
68,62,1,-66.992,-80.3672,0,0
68,64,1,-67.666,-81.0412,0,0
68,66,1,-69.0069,-82.382,0,0
68,68,1,-69.6365,-83.0117,0,0
68,70,1,-70.2244,-83.5995,0,0
68,72,1,-70.7756,-84.1508,0,0
68,74,1,-71.2944,-84.6696,0,0
68,76,1,-71.7844,-85.1596,0,0
68,78,1,-72.2485,-85.6237,0,0
70,0,1,-72.6785,-86.0537,0,0
70,2,1,-72.2366,-85.6118,0,0
70,4,1,-71.7711,-85.1463,0,0
70,6,1,-71.2796,-84.6548,0,0
70,8,1,-70.7589,-84.134,0,0
70,10,1,-69.6042,-82.9794,0,0
70,12,1,-69.0687,-82.4439,0,0
70,14,1,-68.5028,-81.878,0,0
70,16,1,-67.9037,-81.2789,0,0
70,18,1,-67.2684,-80.6435,0,0
70,20,1,-54.5939,-67.9691,1,0
70,22,1,-53.8779,-67.2531,1,0
70,24,1,-53.1187,-66.4939,1,0
70,26,1,-52.3171,-65.6923,1,0
70,28,1,-51.4781,-64.8533,1,1
70,30,1,-54.9793,-68.3545,1,0
70,32,1,-53.6582,-67.0334,1,0
70,34,1,-52.2523,-65.6275,1,0
70,36,1,-55.1144,-68.4896,1,0
70,38,1,-52.7128,-66.0879,1,0
70,40,1,-38.4856,-51.8608,1,1
70,42,1,-52.7128,-66.0879,1,0
70,44,1,-55.1144,-68.4896,1,0
70,46,1,-52.2523,-65.6275,1,0
70,48,1,-53.6582,-67.0334,1,0
70,50,1,-54.9793,-68.3545,1,0
70,52,1,-51.4781,-64.8533,1,1
70,54,1,-52.3171,-65.6923,1,0
70,56,1,-53.1187,-66.4939,1,0
70,58,1,-53.8779,-67.2531,1,0
70,60,1,-54.5939,-67.9691,1,0
70,62,1,-67.2684,-80.6435,0,0
70,64,1,-67.9037,-81.2789,0,0
70,66,1,-68.5028,-81.878,0,0
70,68,1,-69.0687,-82.4439,0,0
70,70,1,-69.6042,-82.9794,0,0
70,72,1,-70.7589,-84.134,0,0
70,74,1,-71.2796,-84.6548,0,0
70,76,1,-71.7711,-85.1463,0,0
70,78,1,-72.2366,-85.6118,0,0
72,0,1,-72.6893,-86.0645,0,0
72,2,1,-72.2485,-85.6237,0,0
72,4,1,-71.1878,-84.563,0,0
72,6,1,-70.7437,-84.1188,0,0
72,8,1,-70.2787,-83.6538,0,0
72,10,1,-69.7912,-83.1664,0,0
72,12,1,-69.2797,-82.6549,0,0
72,14,1,-68.7424,-82.1175,0,0
72,16,1,-56.1775,-69.5527,1,0
72,18,1,-55.5838,-68.959,1,0
72,20,1,-54.9602,-68.3354,1,0
72,22,1,-54.3067,-67.6819,1,0
72,24,1,-53.6248,-67,1,0
72,26,1,-52.919,-66.2942,1,0
72,28,1,-59.1981,-72.5733,1,0
72,30,1,-58.4781,-71.8533,1,0
72,32,1,-57.7849,-71.16,1,0
72,34,1,-51.182,-64.5572,1,1
72,36,1,-49.3155,-62.6907,1,1
72,38,1,-53.6685,-67.0437,1,0
72,40,1,-45.666,-59.0412,1,1
72,42,1,-53.6685,-67.0437,1,0
72,44,1,-49.3155,-62.6907,1,1
72,46,1,-51.182,-64.5572,1,1
72,48,1,-57.7849,-71.16,1,0
72,50,1,-58.4781,-71.8533,1,0
72,52,1,-59.1981,-72.5733,1,0
72,54,1,-52.919,-66.2942,1,0
72,56,1,-53.6248,-67,1,0
72,58,1,-54.3067,-67.6819,1,0
72,60,1,-54.9602,-68.3354,1,0
72,62,1,-55.5838,-68.959,1,0
72,64,1,-56.1775,-69.5527,1,0
72,66,1,-68.7424,-82.1175,0,0
72,68,1,-69.2797,-82.6549,0,0
72,70,1,-69.7912,-83.1664,0,0
72,72,1,-70.2787,-83.6538,0,0
72,74,1,-70.7437,-84.1188,0,0
72,76,1,-71.1878,-84.563,0,0
72,78,1,-72.2485,-85.6237,0,0
74,0,1,-72.1473,-85.5225,0,0
74,2,1,-71.7527,-85.1278,0,0
74,4,1,-71.3419,-84.7171,0,0
74,6,1,-70.914,-84.2892,0,0
74,8,1,-70.4678,-83.843,0,0
74,10,1,-70.0023,-83.3775,0,0
74,12,1,-57.5165,-70.8917,1,0
74,14,1,-57.0094,-70.3846,1,0
74,16,1,-56.4804,-69.8556,1,0
74,18,1,-55.9293,-69.3045,1,0
74,20,1,-55.3567,-68.7319,1,0
74,22,1,-54.7643,-68.1394,1,0
74,24,1,-54.1556,-67.5308,1,0
74,26,1,-60.5371,-73.9123,1,0
74,28,1,-59.919,-73.2942,1,0
74,30,1,-59.3171,-72.6923,1,0
74,32,1,-60.2539,-73.6291,1,0
74,34,1,-58.683,-72.0581,1,0
74,36,1,-57.0634,-70.4385,1,0
74,38,1,-45.9721,-59.3473,1,1
74,40,1,-43.1672,-56.5424,1,1
74,42,1,-45.9721,-59.3473,1,1
74,44,1,-57.0634,-70.4385,1,0
74,46,1,-58.683,-72.0581,1,0
74,48,1,-60.2539,-73.6291,1,0
74,50,1,-59.3171,-72.6923,1,0
74,52,1,-59.919,-73.2942,1,0
74,54,1,-60.5371,-73.9123,1,0
74,56,1,-54.1556,-67.5308,1,0
74,58,1,-54.7643,-68.1394,1,0
74,60,1,-55.3567,-68.7319,1,0
74,62,1,-55.9293,-69.3045,1,0
74,64,1,-56.4804,-69.8556,1,0
74,66,1,-57.0094,-70.3846,1,0
74,68,1,-57.5165,-70.8917,1,0
74,70,1,-70.0023,-83.3775,0,0
74,72,1,-70.4678,-83.843,0,0
74,74,1,-70.914,-84.2892,0,0
74,76,1,-71.3419,-84.7171,0,0
74,78,1,-71.7527,-85.1278,0,0
76,0,1,-66.1768,-79.552,0,0
76,2,1,-65.785,-79.1602,0,0
76,4,1,-65.3774,-78.7526,0,0
76,6,1,-64.9532,-78.3283,1,0
76,8,1,-64.5112,-77.8864,1,0
76,10,1,-64.0506,-77.4258,1,0
76,12,1,-63.5704,-76.9456,1,0
76,14,1,-63.0053,-76.3805,1,0
76,16,1,-62.3274,-75.7026,1,0
76,18,1,-61.5939,-74.9691,1,0
76,20,1,-60.7952,-74.1703,1,0
76,22,1,-59.919,-73.2942,1,0
76,24,1,-58.9499,-72.3251,1,0
76,26,1,-57.8676,-71.2428,1,0
76,28,1,-56.6454,-70.0206,1,0
76,30,1,-55.2488,-68.624,1,0
76,32,1,-53.6351,-67.0103,1,0
76,34,1,-51.7643,-65.1394,1,0
76,36,1,-49.6557,-63.0309,1,1
76,38,1,-45.9721,-59.3473,1,1
76,40,1,-39.6454,-53.0206,1,1
76,42,1,-45.9721,-59.3473,1,1
76,44,1,-49.6557,-63.0309,1,1
76,46,1,-51.7643,-65.1394,1,0
76,48,1,-53.6351,-67.0103,1,0
76,50,1,-55.2488,-68.624,1,0
76,52,1,-56.6454,-70.0206,1,0
76,54,1,-57.8676,-71.2428,1,0
76,56,1,-58.9499,-72.3251,1,0
76,58,1,-59.919,-73.2942,1,0
76,60,1,-60.7952,-74.1703,1,0
76,62,1,-61.5939,-74.9691,1,0
76,64,1,-62.3274,-75.7026,1,0
76,66,1,-63.0053,-76.3805,1,0
76,68,1,-63.5704,-76.9456,1,0
76,70,1,-64.0506,-77.4258,1,0
76,72,1,-64.5112,-77.8864,1,0
76,74,1,-64.9532,-78.3283,1,0
76,76,1,-65.3774,-78.7526,0,0
76,78,1,-65.785,-79.1602,0,0
78,0,1,-66.0501,-79.4253,0,0
78,2,1,-65.6461,-79.0213,0,0
78,4,1,-65.2246,-78.5998,0,0
78,6,1,-64.7844,-78.1596,1,0
78,8,1,-64.324,-77.6991,1,0
78,10,1,-63.8419,-77.2171,1,0
78,12,1,-63.3367,-76.7118,1,0
78,14,1,-62.8068,-76.1819,1,0
78,16,1,-62.2385,-75.6137,1,0
78,18,1,-61.4884,-74.8636,1,0
78,20,1,-60.668,-74.0432,1,0
78,22,1,-59.763,-73.1381,1,0
78,24,1,-58.754,-72.1291,1,0
78,26,1,-57.6145,-70.9897,1,0
78,28,1,-56.3068,-69.682,1,0
78,30,1,-54.7746,-68.1497,1,0
78,32,1,-52.9293,-66.3045,1,0
78,34,1,-50.6248,-64,1,1
78,36,1,-47.6145,-60.9897,1,1
78,38,1,-43.6351,-57.0103,1,1
78,40,1,-33.6248,-47,1,1
78,42,1,-43.6351,-57.0103,1,1
78,44,1,-47.6145,-60.9897,1,1
78,46,1,-50.6248,-64,1,1
78,48,1,-52.9293,-66.3045,1,0
78,50,1,-54.7746,-68.1497,1,0
78,52,1,-56.3068,-69.682,1,0
78,54,1,-57.6145,-70.9897,1,0
78,56,1,-58.754,-72.1291,1,0
78,58,1,-59.763,-73.1381,1,0
78,60,1,-60.668,-74.0432,1,0
78,62,1,-61.4884,-74.8636,1,0
78,64,1,-62.2385,-75.6137,1,0
78,66,1,-62.8068,-76.1819,1,0
78,68,1,-63.3367,-76.7118,1,0
78,70,1,-63.8419,-77.2171,1,0
78,72,1,-64.324,-77.6991,1,0
78,74,1,-64.7844,-78.1596,1,0
78,76,1,-65.2246,-78.5998,0,0
78,78,1,-65.6461,-79.0213,0,0
80,0,1,-65.9399,-79.3151,0,0
80,2,1,-65.525,-78.9002,0,0
80,4,1,-65.091,-78.4662,0,0
80,6,1,-64.6363,-78.0114,1,0
80,8,1,-64.159,-77.5341,1,0
80,10,1,-63.6571,-77.0323,1,0
80,12,1,-63.1285,-76.5037,1,0
80,14,1,-62.5709,-75.946,1,0
80,16,1,-61.9817,-75.3569,1,0
80,18,1,-61.3585,-74.7337,1,0
80,20,1,-60.6248,-74,1,0
80,22,1,-59.7097,-73.0849,1,0
80,24,1,-58.6866,-72.0618,1,0
80,26,1,-57.5268,-70.902,1,0
80,28,1,-56.1878,-69.563,1,0
80,30,1,-54.6042,-67.9794,1,0
80,32,1,-52.666,-66.0412,1,0
80,34,1,-50.1672,-63.5424,1,1
80,36,1,-46.6454,-60.0206,1,1
80,38,1,-40.6248,-54,1,1
80,40,1,20,20,1,1
80,42,1,-40.6248,-54,1,1
80,44,1,-46.6454,-60.0206,1,1
80,46,1,-50.1672,-63.5424,1,1
80,48,1,-52.666,-66.0412,1,0
80,50,1,-54.6042,-67.9794,1,0
80,52,1,-56.1878,-69.563,1,0
80,54,1,-57.5268,-70.902,1,0
80,56,1,-58.6866,-72.0618,1,0
80,58,1,-59.7097,-73.0849,1,0
80,60,1,-60.6248,-74,1,0
80,62,1,-61.3585,-74.7337,1,0
80,64,1,-61.9817,-75.3569,1,0
80,66,1,-62.5709,-75.946,1,0
80,68,1,-63.1285,-76.5037,1,0
80,70,1,-63.6571,-77.0323,1,0
80,72,1,-64.159,-77.5341,1,0
80,74,1,-64.6363,-78.0114,1,0
80,76,1,-65.091,-78.4662,0,0
80,78,1,-65.525,-78.9002,0,0
82,0,1,-65.8476,-79.2228,0,0
82,2,1,-65.4234,-78.7986,0,0
82,4,1,-64.9786,-78.3537,1,0
82,6,1,-64.5112,-77.8864,1,0
82,8,1,-64.0191,-77.3943,1,0
82,10,1,-63.4998,-76.875,1,0
82,12,1,-62.9505,-76.3256,1,0
82,14,1,-62.3678,-75.743,1,0
82,16,1,-61.7484,-75.1235,1,0
82,18,1,-61.088,-74.4632,1,0
82,20,1,-60.3826,-73.7577,1,0
82,22,1,-59.6275,-73.0027,1,0
82,24,1,-58.754,-72.1291,1,0
82,26,1,-57.6145,-70.9897,1,0
82,28,1,-56.3068,-69.682,1,0
82,30,1,-54.7746,-68.1497,1,0
82,32,1,-52.9293,-66.3045,1,0
82,34,1,-50.6248,-64,1,1
82,36,1,-47.6145,-60.9897,1,1
82,38,1,-43.6351,-57.0103,1,1
82,40,1,-33.6248,-47,1,1
82,42,1,-43.6351,-57.0103,1,1
82,44,1,-47.6145,-60.9897,1,1
82,46,1,-50.6248,-64,1,1
82,48,1,-52.9293,-66.3045,1,0
82,50,1,-54.7746,-68.1497,1,0
82,52,1,-56.3068,-69.682,1,0
82,54,1,-57.6145,-70.9897,1,0
82,56,1,-58.754,-72.1291,1,0
82,58,1,-59.6275,-73.0027,1,0
82,60,1,-60.3826,-73.7577,1,0
82,62,1,-61.088,-74.4632,1,0
82,64,1,-61.7484,-75.1235,1,0
82,66,1,-62.3678,-75.743,1,0
82,68,1,-62.9505,-76.3256,1,0
82,70,1,-63.4998,-76.875,1,0
82,72,1,-64.0191,-77.3943,1,0
82,74,1,-64.5112,-77.8864,1,0
82,76,1,-64.9786,-78.3537,1,0
82,78,1,-65.4234,-78.7986,0,0
84,0,1,-65.7745,-79.1496,0,0
84,2,1,-65.3426,-78.7178,0,0
84,4,1,-64.889,-78.2642,1,0
84,6,1,-64.4114,-77.7866,1,0
84,8,1,-63.9072,-77.2824,1,0
84,10,1,-63.3735,-76.7486,1,0
84,12,1,-62.8068,-76.1819,1,0
84,14,1,-62.2031,-75.5783,1,0
84,16,1,-61.5578,-74.933,1,0
84,18,1,-60.8654,-74.2406,1,0
84,20,1,-60.1194,-73.4946,1,0
84,22,1,-59.3126,-72.6877,1,0
84,24,1,-58.4365,-71.8117,1,0
84,26,1,-57.4826,-70.8577,1,0
84,28,1,-56.4429,-69.8181,1,0
84,30,1,-55.2488,-68.624,1,0
84,32,1,-53.6351,-67.0103,1,0
84,34,1,-51.7643,-65.1394,1,0
84,36,1,-49.6557,-63.0309,1,1
84,38,1,-54.6145,-67.9897,1,0
84,40,1,-39.6454,-53.0206,1,1
84,42,1,-54.6145,-67.9897,1,0
84,44,1,-49.6557,-63.0309,1,1
84,46,1,-51.7643,-65.1394,1,0
84,48,1,-53.6351,-67.0103,1,0
84,50,1,-55.2488,-68.624,1,0
84,52,1,-56.4429,-69.8181,1,0
84,54,1,-57.4826,-70.8577,1,0
84,56,1,-58.4365,-71.8117,1,0
84,58,1,-59.3126,-72.6877,1,0
84,60,1,-60.1194,-73.4946,1,0
84,62,1,-60.8654,-74.2406,1,0
84,64,1,-61.5578,-74.933,1,0
84,66,1,-62.2031,-75.5783,1,0
84,68,1,-62.8068,-76.1819,1,0
84,70,1,-63.3735,-76.7486,1,0
84,72,1,-63.9072,-77.2824,1,0
84,74,1,-64.4114,-77.7866,1,0
84,76,1,-64.889,-78.2642,1,0
84,78,1,-65.3426,-78.7178,0,0
86,0,1,-65.7214,-79.0966,0,0
86,2,1,-65.284,-78.6592,0,0
86,4,1,-64.8239,-78.1991,1,0
86,6,1,-64.3387,-77.7138,1,0
86,8,1,-63.8254,-77.2006,1,0
86,10,1,-63.2809,-76.656,1,0
86,12,1,-62.7011,-76.0763,1,0
86,14,1,-62.0815,-75.4567,1,0
86,16,1,-61.4164,-74.7916,1,0
86,18,1,-60.699,-74.0742,1,0
86,20,1,-59.9212,-73.2964,1,0
86,22,1,-59.0727,-72.4479,1,0
86,24,1,-58.1412,-71.5164,1,0
86,26,1,-57.1115,-70.4867,1,0
86,28,1,-55.9658,-69.341,1,0
86,30,1,-54.6848,-68.06,1,0
86,32,1,-53.2539,-66.6291,1,0
86,34,1,-51.683,-65.0581,1,0
86,36,1,-51.7643,-65.1394,1,0
86,38,1,-62.6895,-76.0647,1,0
86,40,1,-43.1672,-56.5424,1,1
86,42,1,-62.6895,-76.0647,1,0
86,44,1,-51.7643,-65.1394,1,0
86,46,1,-51.683,-65.0581,1,0
86,48,1,-53.2539,-66.6291,1,0
86,50,1,-54.6848,-68.06,1,0
86,52,1,-55.9658,-69.341,1,0
86,54,1,-57.1115,-70.4867,1,0
86,56,1,-58.1412,-71.5164,1,0
86,58,1,-59.0727,-72.4479,1,0
86,60,1,-59.9212,-73.2964,1,0
86,62,1,-60.699,-74.0742,1,0
86,64,1,-61.4164,-74.7916,1,0
86,66,1,-62.0815,-75.4567,1,0
86,68,1,-62.7011,-76.0763,1,0
86,70,1,-63.2809,-76.656,1,0
86,72,1,-63.8254,-77.2006,1,0
86,74,1,-64.3387,-77.7138,1,0
86,76,1,-64.8239,-78.1991,1,0
86,78,1,-65.284,-78.6592,0,0
88,0,1,-65.6893,-79.0645,0,0
88,2,1,-65.2485,-78.6237,0,0
88,4,1,-64.7844,-78.1596,1,0
88,6,1,-64.2944,-77.6696,1,0
88,8,1,-63.7756,-77.1508,1,0
88,10,1,-63.2244,-76.5995,1,0
88,12,1,-62.6365,-76.0117,1,0
88,14,1,-62.0069,-75.382,1,0
88,16,1,-61.3293,-74.7045,1,0
88,18,1,-60.5961,-73.9713,1,0
88,20,1,-59.7978,-73.1729,1,0
88,22,1,-58.9222,-72.2974,1,0
88,24,1,-57.9539,-71.3291,1,0
88,26,1,-56.8727,-70.2479,1,0
88,28,1,-55.6522,-69.0274,1,0
88,30,1,-54.2582,-67.6333,1,0
88,32,1,-52.6487,-66.0239,1,0
88,34,1,-50.7851,-64.1603,1,1
88,36,1,-48.6895,-62.0647,1,1
88,38,1,-53.6685,-67.0437,1,0
88,40,1,-45.666,-59.0412,1,1
88,42,1,-53.6685,-67.0437,1,0
88,44,1,-48.6895,-62.0647,1,1
88,46,1,-50.7851,-64.1603,1,1
88,48,1,-52.6487,-66.0239,1,0
88,50,1,-54.2582,-67.6333,1,0
88,52,1,-55.6522,-69.0274,1,0
88,54,1,-56.8727,-70.2479,1,0
88,56,1,-57.9539,-71.3291,1,0
88,58,1,-58.9222,-72.2974,1,0
88,60,1,-59.7978,-73.1729,1,0
88,62,1,-60.5961,-73.9713,1,0
88,64,1,-61.3293,-74.7045,1,0
88,66,1,-62.0069,-75.382,1,0
88,68,1,-62.6365,-76.0117,1,0
88,70,1,-63.2244,-76.5995,1,0
88,72,1,-63.7756,-77.1508,1,0
88,74,1,-64.2944,-77.6696,1,0
88,76,1,-64.7844,-78.1596,1,0
88,78,1,-65.2485,-78.6237,0,0
90,0,1,-65.6785,-79.0537,0,0
90,2,1,-65.2366,-78.6118,0,0
90,4,1,-64.7711,-78.1463,1,0
90,6,1,-64.2796,-77.6548,1,0
90,8,1,-63.7589,-77.134,1,0
90,10,1,-63.2054,-76.5805,1,0
90,12,1,-62.6147,-75.9899,1,0
90,14,1,-61.9817,-75.3569,1,0
90,16,1,-61.2998,-74.675,1,0
90,18,1,-60.5612,-73.9364,1,0
90,20,1,-59.7558,-73.131,1,0
90,22,1,-58.8708,-72.246,1,0
90,24,1,-57.8896,-71.2648,1,0
90,26,1,-56.7901,-70.1653,1,0
90,28,1,-55.5424,-68.9176,1,0
90,30,1,-54.1061,-67.4813,1,0
90,32,1,-52.4266,-65.8018,1,0
90,34,1,-50.4392,-63.8144,1,1
90,36,1,-48.1144,-61.4896,1,1
90,38,1,-45.7128,-59.0879,1,1
90,40,1,-38.4856,-51.8608,1,1
90,42,1,-45.7128,-59.0879,1,1
90,44,1,-48.1144,-61.4896,1,1
90,46,1,-50.4392,-63.8144,1,1
90,48,1,-52.4266,-65.8018,1,0
90,50,1,-54.1061,-67.4813,1,0
90,52,1,-55.5424,-68.9176,1,0
90,54,1,-56.7901,-70.1653,1,0
90,56,1,-57.8896,-71.2648,1,0
90,58,1,-58.8708,-72.246,1,0
90,60,1,-59.7558,-73.131,1,0
90,62,1,-60.5612,-73.9364,1,0
90,64,1,-61.2998,-74.675,1,0
90,66,1,-61.9817,-75.3569,1,0
90,68,1,-62.6147,-75.9899,1,0
90,70,1,-63.2054,-76.5805,1,0
90,72,1,-63.7589,-77.134,1,0
90,74,1,-64.2796,-77.6548,1,0
90,76,1,-64.7711,-78.1463,1,0
90,78,1,-65.2366,-78.6118,0,0
92,0,1,-65.6893,-79.0645,0,0
92,2,1,-65.2485,-78.6237,0,0
92,4,1,-64.7844,-78.1596,1,0
92,6,1,-64.2944,-77.6696,1,0
92,8,1,-63.7756,-77.1508,1,0
92,10,1,-63.2244,-76.5995,1,0
92,12,1,-62.6365,-76.0117,1,0
92,14,1,-62.0069,-75.382,1,0
92,16,1,-61.3293,-74.7045,1,0
92,18,1,-60.5961,-73.9713,1,0
92,20,1,-59.7978,-73.1729,1,0
92,22,1,-58.9222,-72.2974,1,0
92,24,1,-57.9539,-71.3291,1,0
92,26,1,-56.8727,-70.2479,1,0
92,28,1,-55.6522,-69.0274,1,0
92,30,1,-54.2582,-67.6333,1,0
92,32,1,-52.6487,-66.0239,1,0
92,34,1,-50.7851,-64.1603,1,1
92,36,1,-48.6895,-62.0647,1,1
92,38,1,-53.6685,-67.0437,1,0
92,40,1,-45.7128,-59.0879,1,1
92,42,1,-53.6685,-67.0437,1,0
92,44,1,-48.6895,-62.0647,1,1
92,46,1,-50.7851,-64.1603,1,1
92,48,1,-52.6487,-66.0239,1,0
92,50,1,-54.2582,-67.6333,1,0
92,52,1,-55.6522,-69.0274,1,0
92,54,1,-56.8727,-70.2479,1,0
92,56,1,-57.9539,-71.3291,1,0
92,58,1,-58.9222,-72.2974,1,0
92,60,1,-59.7978,-73.1729,1,0
92,62,1,-60.5961,-73.9713,1,0
92,64,1,-61.3293,-74.7045,1,0
92,66,1,-62.0069,-75.382,1,0
92,68,1,-62.6365,-76.0117,1,0
92,70,1,-63.2244,-76.5995,1,0
92,72,1,-63.7756,-77.1508,1,0
92,74,1,-64.2944,-77.6696,1,0
92,76,1,-64.7844,-78.1596,1,0
92,78,1,-65.2485,-78.6237,0,0
94,0,1,-65.7214,-79.0966,0,0
94,2,1,-65.284,-78.6592,0,0
94,4,1,-64.8239,-78.1991,1,0
94,6,1,-64.3387,-77.7138,1,0
94,8,1,-63.8254,-77.2006,1,0
94,10,1,-63.2809,-76.656,1,0
94,12,1,-62.7011,-76.0763,1,0
94,14,1,-62.0815,-75.4567,1,0
94,16,1,-61.4164,-74.7916,1,0
94,18,1,-60.699,-74.0742,1,0
94,20,1,-59.9212,-73.2964,1,0
94,22,1,-59.0727,-72.4479,1,0
94,24,1,-58.1412,-71.5164,1,0
94,26,1,-57.1115,-70.4867,1,0
94,28,1,-55.9658,-69.341,1,0
94,30,1,-54.6848,-68.06,1,0
94,32,1,-53.2539,-66.6291,1,0
94,34,1,-51.683,-65.0581,1,0
94,36,1,-55.2655,-68.6407,1,0
94,38,1,-52.9721,-66.3473,1,0
94,40,1,-44.8264,-58.2016,1,1
94,42,1,-52.9721,-66.3473,1,0
94,44,1,-55.2655,-68.6407,1,0
94,46,1,-51.683,-65.0581,1,0
94,48,1,-53.2539,-66.6291,1,0
94,50,1,-54.6848,-68.06,1,0
94,52,1,-55.9658,-69.341,1,0
94,54,1,-57.1115,-70.4867,1,0
94,56,1,-58.1412,-71.5164,1,0
94,58,1,-59.0727,-72.4479,1,0
94,60,1,-59.9212,-73.2964,1,0
94,62,1,-60.699,-74.0742,1,0
94,64,1,-61.4164,-74.7916,1,0
94,66,1,-62.0815,-75.4567,1,0
94,68,1,-62.7011,-76.0763,1,0
94,70,1,-63.2809,-76.656,1,0
94,72,1,-63.8254,-77.2006,1,0
94,74,1,-64.3387,-77.7138,1,0
94,76,1,-64.8239,-78.1991,1,0
94,78,1,-65.284,-78.6592,0,0
96,0,1,-65.7745,-79.1496,0,0
96,2,1,-65.3426,-78.7178,0,0
96,4,1,-64.889,-78.2642,1,0
96,6,1,-64.4114,-77.7866,1,0
96,8,1,-63.9072,-77.2824,1,0
96,10,1,-63.3735,-76.7486,1,0
96,12,1,-62.8068,-76.1819,1,0
96,14,1,-62.2031,-75.5783,1,0
96,16,1,-61.5578,-74.933,1,0
96,18,1,-60.8654,-74.2406,1,0
96,20,1,-60.1194,-73.4946,1,0
96,22,1,-59.3126,-72.6877,1,0
96,24,1,-58.4365,-71.8117,1,0
96,26,1,-57.4826,-70.8577,1,0
96,28,1,-56.4429,-69.8181,1,0
96,30,1,-55.3142,-68.6893,1,0
96,32,1,-54.1061,-67.4813,1,0
96,34,1,-57.5283,-70.9035,1,0
96,36,1,-55.2655,-68.6407,1,0
96,38,1,-52.9721,-66.3473,1,0
96,40,1,-44.8264,-58.2016,1,1
96,42,1,-52.9721,-66.3473,1,0
96,44,1,-55.2655,-68.6407,1,0
96,46,1,-57.5283,-70.9035,1,0
96,48,1,-54.1061,-67.4813,1,0
96,50,1,-55.3142,-68.6893,1,0
96,52,1,-56.4429,-69.8181,1,0
96,54,1,-57.4826,-70.8577,1,0
96,56,1,-58.4365,-71.8117,1,0
96,58,1,-59.3126,-72.6877,1,0
96,60,1,-60.1194,-73.4946,1,0
96,62,1,-60.8654,-74.2406,1,0
96,64,1,-61.5578,-74.933,1,0
96,66,1,-62.2031,-75.5783,1,0
96,68,1,-62.8068,-76.1819,1,0
96,70,1,-63.3735,-76.7486,1,0
96,72,1,-63.9072,-77.2824,1,0
96,74,1,-64.4114,-77.7866,1,0
96,76,1,-64.889,-78.2642,1,0
96,78,1,-65.3426,-78.7178,0,0
98,0,1,-65.8476,-79.2228,0,0
98,2,1,-65.4234,-78.7986,0,0
98,4,1,-64.9786,-78.3537,1,0
98,6,1,-64.5112,-77.8864,1,0
98,8,1,-64.0191,-77.3943,1,0
98,10,1,-63.4998,-76.875,1,0
98,12,1,-62.9505,-76.3256,1,0
98,14,1,-62.3678,-75.743,1,0
98,16,1,-61.7484,-75.1235,1,0
98,18,1,-61.088,-74.4632,1,0
98,20,1,-60.3826,-73.7577,1,0
98,22,1,-59.6275,-73.0027,1,0
98,24,1,-58.8189,-72.194,1,0
98,26,1,-57.9539,-71.3291,1,0
98,28,1,-57.0334,-70.4086,1,0
98,30,1,-56.0655,-69.4407,1,0
98,32,1,-59.9112,-73.2863,1,0
98,34,1,-58.182,-71.5572,1,0
98,36,1,-56.3155,-69.6907,1,0
98,38,1,-54.6268,-68.002,1,0
98,40,1,-46.8778,-60.253,1,1
98,42,1,-54.6268,-68.002,1,0
98,44,1,-56.3155,-69.6907,1,0
98,46,1,-58.182,-71.5572,1,0
98,48,1,-59.9112,-73.2863,1,0
98,50,1,-56.0655,-69.4407,1,0
98,52,1,-57.0334,-70.4086,1,0
98,54,1,-57.9539,-71.3291,1,0
98,56,1,-58.8189,-72.194,1,0
98,58,1,-59.6275,-73.0027,1,0
98,60,1,-60.3826,-73.7577,1,0
98,62,1,-61.088,-74.4632,1,0
98,64,1,-61.7484,-75.1235,1,0
98,66,1,-62.3678,-75.743,1,0
98,68,1,-62.9505,-76.3256,1,0
98,70,1,-63.4998,-76.875,1,0
98,72,1,-64.0191,-77.3943,1,0
98,74,1,-64.5112,-77.8864,1,0
98,76,1,-64.9786,-78.3537,1,0
98,78,1,-65.4234,-78.7986,0,0
0,0,2,-84.2169,-97.592,0,0
0,2,2,-71.8288,-85.204,0,0
0,4,2,-71.4255,-84.8007,0,0
0,6,2,-71.0062,-84.3813,0,0
0,8,2,-70.5698,-83.945,0,0
0,10,2,-58.1158,-71.4909,1,0
0,12,2,-57.6431,-71.0183,1,0
0,14,2,-57.1515,-70.5266,1,0
0,16,2,-56.6405,-70.0157,1,0
0,18,2,-56.1107,-69.4859,1,0
0,20,2,-55.563,-68.9382,1,0
0,22,2,-54.9999,-68.3751,1,0
0,24,2,-54.4257,-67.8009,1,0
0,26,2,-60.847,-74.2222,1,0
0,28,2,-60.2745,-73.6497,1,0
0,30,2,-59.7231,-73.0982,1,0
0,32,2,-66.2132,-79.5884,0,0
0,34,2,-65.7706,-79.1458,0,0
0,36,2,-75.7791,-89.1542,0,0
0,38,2,-96.4511,-109.826,0,0
0,40,2,-51.1261,-64.5012,1,1
0,42,2,-96.4511,-109.826,0,0
0,44,2,-75.7791,-89.1542,0,0
0,46,2,-65.7706,-79.1458,0,0
0,48,2,-66.2132,-79.5884,0,0
0,50,2,-59.7231,-73.0982,1,0
0,52,2,-60.2745,-73.6497,1,0
0,54,2,-60.847,-74.2222,1,0
0,56,2,-54.4257,-67.8009,1,0
0,58,2,-54.9999,-68.3751,1,0
0,60,2,-55.563,-68.9382,1,0
0,62,2,-56.1107,-69.4859,1,0
0,64,2,-56.6405,-70.0157,1,0
0,66,2,-57.1515,-70.5266,1,0
0,68,2,-57.6431,-71.0183,1,0
0,70,2,-58.1158,-71.4909,1,0
0,72,2,-70.5698,-83.945,0,0
0,74,2,-71.0062,-84.3813,0,0
0,76,2,-71.4255,-84.8007,0,0
0,78,2,-71.8288,-85.204,0,0
2,0,2,-78.9418,-92.317,0,0
2,2,2,-71.6806,-85.0557,0,0
2,4,2,-71.2626,-84.6378,0,0
2,6,2,-70.8264,-84.2016,0,0
2,8,2,-70.3706,-83.7458,0,0
2,10,2,-69.894,-83.2692,0,0
2,12,2,-69.3952,-82.7703,0,0
2,14,2,-56.8728,-70.248,1,0
2,16,2,-56.3258,-69.701,1,0
2,18,2,-55.7534,-69.1285,1,0
2,20,2,-55.1553,-68.5305,1,0
2,22,2,-54.5327,-67.9079,1,0
2,24,2,-53.8881,-67.2633,1,0
2,26,2,-53.2272,-66.6023,1,0
2,28,2,-59.5597,-72.9348,1,0
2,30,2,-58.9017,-72.2769,1,0
2,32,2,-65.2778,-78.653,0,0
2,34,2,-64.7218,-78.0969,1,0
2,36,2,-71.2759,-84.6511,0,0
2,38,2,-88.2861,-101.661,0,0
2,40,2,-49.8831,-63.2583,1,1
2,42,2,-88.2861,-101.661,0,0
2,44,2,-71.2759,-84.6511,0,0
2,46,2,-64.7218,-78.0969,1,0
2,48,2,-65.2778,-78.653,0,0
2,50,2,-58.9017,-72.2769,1,0
2,52,2,-59.5597,-72.9348,1,0
2,54,2,-53.2272,-66.6023,1,0
2,56,2,-53.8881,-67.2633,1,0
2,58,2,-54.5327,-67.9079,1,0
2,60,2,-55.1553,-68.5305,1,0
2,62,2,-55.7534,-69.1285,1,0
2,64,2,-56.3258,-69.701,1,0
2,66,2,-56.8728,-70.248,1,0
2,68,2,-69.3952,-82.7703,0,0
2,70,2,-69.894,-83.2692,0,0
2,72,2,-70.3706,-83.7458,0,0
2,74,2,-70.8264,-84.2016,0,0
2,76,2,-71.2626,-84.6378,0,0
2,78,2,-71.6806,-85.0557,0,0
4,0,2,-78.8702,-92.2454,0,0
4,2,2,-78.4483,-91.8235,0,0
4,4,2,-78.0062,-91.3813,0,0
4,6,2,-77.5419,-90.9171,0,0
4,8,2,-70.1923,-83.5675,0,0
4,10,2,-69.6945,-83.0697,0,0
4,12,2,-69.1707,-82.5459,0,0
4,14,2,-68.6188,-81.994,0,0
4,16,2,-68.0366,-81.4117,0,0
4,18,2,-55.4218,-68.797,1,0
4,20,2,-54.7726,-68.1478,1,0
4,22,2,-54.0878,-67.463,1,0
4,24,2,-53.3676,-66.7428,1,0
4,26,2,-52.6148,-65.99,1,0
4,28,2,-51.8367,-65.2119,1,0
4,30,2,-58.0481,-71.4233,1,0
4,32,2,-57.2759,-70.6511,1,0
4,34,2,-63.5632,-76.9384,1,0
4,36,2,-66.6474,-80.0226,0,0
4,38,2,-80.0981,-93.4733,0,0
4,40,2,-48.4321,-61.8073,1,1
4,42,2,-80.0981,-93.4733,0,0
4,44,2,-66.6474,-80.0226,0,0
4,46,2,-63.5632,-76.9384,1,0
4,48,2,-57.2759,-70.6511,1,0
4,50,2,-58.0481,-71.4233,1,0
4,52,2,-51.8367,-65.2119,1,0
4,54,2,-52.6148,-65.99,1,0
4,56,2,-53.3676,-66.7428,1,0
4,58,2,-54.0878,-67.463,1,0
4,60,2,-54.7726,-68.1478,1,0
4,62,2,-55.4218,-68.797,1,0
4,64,2,-68.0366,-81.4117,0,0
4,66,2,-68.6188,-81.994,0,0
4,68,2,-69.1707,-82.5459,0,0
4,70,2,-69.6945,-83.0697,0,0
4,72,2,-70.1923,-83.5675,0,0
4,74,2,-77.5419,-90.9171,0,0
4,76,2,-78.0062,-91.3813,0,0
4,78,2,-78.4483,-91.8235,0,0
6,0,2,-78.8184,-92.1935,0,0
6,2,2,-78.3911,-91.7663,0,0
6,4,2,-77.9428,-91.318,0,0
6,6,2,-77.4714,-90.8466,0,0
6,8,2,-76.9745,-90.3497,0,0
6,10,2,-76.4495,-89.8247,0,0
6,12,2,-75.8933,-89.2685,0,0
6,14,2,-68.3952,-81.7704,0,0
6,16,2,-67.7799,-81.1551,0,0
6,18,2,-67.1247,-80.4999,0,0
6,20,2,-66.4257,-79.8009,0,0
6,22,2,-53.6788,-67.054,1,0
6,24,2,-52.8805,-66.2557,1,0
6,26,2,-52.029,-65.4042,1,0
6,28,2,-51.1261,-64.5012,1,1
6,30,2,-50.181,-63.5562,1,1
6,32,2,-56.2179,-69.5931,1,0
6,34,2,-55.2861,-68.6613,1,0
6,36,2,-61.4719,-74.8471,1,0
6,38,2,-71.9927,-85.3679,0,0
6,40,2,-46.6891,-60.0643,1,1
6,42,2,-71.9927,-85.3679,0,0
6,44,2,-61.4719,-74.8471,1,0
6,46,2,-55.2861,-68.6613,1,0
6,48,2,-56.2179,-69.5931,1,0
6,50,2,-50.181,-63.5562,1,1
6,52,2,-51.1261,-64.5012,1,1
6,54,2,-52.029,-65.4042,1,0
6,56,2,-52.8805,-66.2557,1,0
6,58,2,-53.6788,-67.054,1,0
6,60,2,-66.4257,-79.8009,0,0
6,62,2,-67.1247,-80.4999,0,0
6,64,2,-67.7799,-81.1551,0,0
6,66,2,-68.3952,-81.7704,0,0
6,68,2,-75.8933,-89.2685,0,0
6,70,2,-76.4495,-89.8247,0,0
6,72,2,-76.9745,-90.3497,0,0
6,74,2,-77.4714,-90.8466,0,0
6,76,2,-77.9428,-91.318,0,0
6,78,2,-78.3911,-91.7663,0,0
8,0,2,-78.787,-92.1621,0,0
8,2,2,-78.3564,-91.7316,0,0
8,4,2,-77.9043,-91.2795,0,0
8,6,2,-77.4285,-90.8037,0,0
8,8,2,-76.9264,-90.3016,0,0
8,10,2,-76.3952,-89.7703,0,0
8,12,2,-75.8315,-89.2067,0,0
8,14,2,-75.2315,-88.6067,0,0
8,16,2,-74.5907,-87.9659,0,0
8,18,2,-73.904,-87.2791,0,0
8,20,2,-66.1267,-79.5019,0,0
8,22,2,-65.3213,-78.6965,0,0
8,24,2,-64.4472,-77.8224,1,0
8,26,2,-51.4959,-64.8711,1,1
8,28,2,-50.4598,-63.835,1,1
8,30,2,-49.3361,-62.7113,1,1
8,32,2,-48.135,-61.5102,1,1
8,34,2,-53.8984,-67.2736,1,0
8,36,2,-59.7334,-73.1085,1,0
8,38,2,-64.163,-77.5381,1,0
8,40,2,-44.5062,-57.8814,1,1
8,42,2,-64.163,-77.5381,1,0
8,44,2,-59.7334,-73.1085,1,0
8,46,2,-53.8984,-67.2736,1,0
8,48,2,-48.135,-61.5102,1,1
8,50,2,-49.3361,-62.7113,1,1
8,52,2,-50.4598,-63.835,1,1
8,54,2,-51.4959,-64.8711,1,1
8,56,2,-64.4472,-77.8224,1,0
8,58,2,-65.3213,-78.6965,0,0
8,60,2,-66.1267,-79.5019,0,0
8,62,2,-73.904,-87.2791,0,0
8,64,2,-74.5907,-87.9659,0,0
8,66,2,-75.2315,-88.6067,0,0
8,68,2,-75.8315,-89.2067,0,0
8,70,2,-76.3952,-89.7703,0,0
8,72,2,-76.9264,-90.3016,0,0
8,74,2,-77.4285,-90.8037,0,0
8,76,2,-77.9043,-91.2795,0,0
8,78,2,-78.3564,-91.7316,0,0
10,0,2,-78.7764,-92.1516,0,0
10,2,2,-78.3448,-91.72,0,0
10,4,2,-77.8914,-91.2666,0,0
10,6,2,-77.4141,-90.7893,0,0
10,8,2,-76.9102,-90.2854,0,0
10,10,2,-76.3769,-89.7521,0,0
10,12,2,-75.8107,-89.1859,0,0
10,14,2,-75.2076,-88.5828,0,0
10,16,2,-74.563,-87.9382,0,0
10,18,2,-73.8715,-87.2467,0,0
10,20,2,-73.1267,-86.5019,0,0
10,22,2,-72.3213,-85.6965,0,0
10,24,2,-71.4472,-84.8224,0,0
10,26,2,-63.0481,-76.4233,1,0
10,28,2,-61.8831,-75.2583,1,0
10,30,2,-48.5733,-61.9485,1,1
10,32,2,-47.0981,-60.4733,1,1
10,34,2,-45.4575,-58.8327,1,1
10,36,2,-50.7321,-64.1072,1,1
10,38,2,-56.2282,-69.6034,1,0
10,40,2,-41.5836,-54.9588,1,1
10,42,2,-56.2282,-69.6034,1,0
10,44,2,-50.7321,-64.1072,1,1
10,46,2,-45.4575,-58.8327,1,1
10,48,2,-47.0981,-60.4733,1,1
10,50,2,-48.5733,-61.9485,1,1
10,52,2,-61.8831,-75.2583,1,0
10,54,2,-63.0481,-76.4233,1,0
10,56,2,-71.4472,-84.8224,0,0
10,58,2,-72.3213,-85.6965,0,0
10,60,2,-73.1267,-86.5019,0,0
10,62,2,-73.8715,-87.2467,0,0
10,64,2,-74.563,-87.9382,0,0
10,66,2,-75.2076,-88.5828,0,0
10,68,2,-75.8107,-89.1859,0,0
10,70,2,-76.3769,-89.7521,0,0
10,72,2,-76.9102,-90.2854,0,0
10,74,2,-77.4141,-90.7893,0,0
10,76,2,-77.8914,-91.2666,0,0
10,78,2,-78.3448,-91.72,0,0
12,0,2,-78.787,-92.1621,0,0
12,2,2,-78.3564,-91.7316,0,0
12,4,2,-77.9043,-91.2795,0,0
12,6,2,-77.4285,-90.8037,0,0
12,8,2,-76.9264,-90.3016,0,0
12,10,2,-76.3952,-89.7703,0,0
12,12,2,-75.8315,-89.2067,0,0
12,14,2,-75.2315,-88.6067,0,0
12,16,2,-74.5907,-87.9659,0,0
12,18,2,-73.904,-87.2791,0,0
12,20,2,-73.1652,-86.5404,0,0
12,22,2,-72.3676,-85.7428,0,0
12,24,2,-71.5038,-84.879,0,0
12,26,2,-70.5662,-83.9414,0,0
12,28,2,-69.5489,-82.9241,0,0
12,30,2,-68.4511,-81.8263,0,0
12,32,2,-58.2375,-71.6126,1,0
12,34,2,-44.1363,-57.5115,1,1
12,36,2,-41.5836,-54.9588,1,1
12,38,2,-45.7437,-59.1188,1,1
12,40,2,-37.1466,-50.5218,1,1
12,42,2,-45.7437,-59.1188,1,1
12,44,2,-41.5836,-54.9588,1,1
12,46,2,-44.1363,-57.5115,1,1
12,48,2,-58.2375,-71.6126,1,0
12,50,2,-68.4511,-81.8263,0,0
12,52,2,-69.5489,-82.9241,0,0
12,54,2,-70.5662,-83.9414,0,0
12,56,2,-71.5038,-84.879,0,0
12,58,2,-72.3676,-85.7428,0,0
12,60,2,-73.1652,-86.5404,0,0
12,62,2,-73.904,-87.2791,0,0
12,64,2,-74.5907,-87.9659,0,0
12,66,2,-75.2315,-88.6067,0,0
12,68,2,-75.8315,-89.2067,0,0
12,70,2,-76.3952,-89.7703,0,0
12,72,2,-76.9264,-90.3016,0,0
12,74,2,-77.4285,-90.8037,0,0
12,76,2,-77.9043,-91.2795,0,0
12,78,2,-78.3564,-91.7316,0,0
14,0,2,-78.8184,-92.1935,0,0
14,2,2,-78.3911,-91.7663,0,0
14,4,2,-77.9428,-91.318,0,0
14,6,2,-77.4714,-90.8466,0,0
14,8,2,-76.9745,-90.3497,0,0
14,10,2,-76.4495,-89.8247,0,0
14,12,2,-75.8933,-89.2685,0,0
14,14,2,-75.3024,-88.6776,0,0
14,16,2,-74.6728,-88.048,0,0
14,18,2,-73.9999,-87.3751,0,0
14,20,2,-73.2788,-86.6539,0,0
14,22,2,-72.5037,-85.8789,0,0
14,24,2,-71.6693,-85.0445,0,0
14,26,2,-70.7706,-84.1458,0,0
14,28,2,-69.8057,-83.1809,0,0
14,30,2,-68.7791,-82.1542,0,0
14,32,2,-67.7101,-81.0853,0,0
14,34,2,-66.6474,-80.0226,0,0
14,36,2,-63.9087,-77.2839,1,0
14,38,2,-34.5939,-47.9691,1,1
14,40,2,-27.6042,-40.9794,1,1
14,42,2,-34.5939,-47.9691,1,1
14,44,2,-63.9087,-77.2839,1,0
14,46,2,-66.6474,-80.0226,0,0
14,48,2,-67.7101,-81.0853,0,0
14,50,2,-68.7791,-82.1542,0,0
14,52,2,-69.8057,-83.1809,0,0
14,54,2,-70.7706,-84.1458,0,0
14,56,2,-71.6693,-85.0445,0,0
14,58,2,-72.5037,-85.8789,0,0
14,60,2,-73.2788,-86.6539,0,0
14,62,2,-73.9999,-87.3751,0,0
14,64,2,-74.6728,-88.048,0,0
14,66,2,-75.3024,-88.6776,0,0
14,68,2,-75.8933,-89.2685,0,0
14,70,2,-76.4495,-89.8247,0,0
14,72,2,-76.9745,-90.3497,0,0
14,74,2,-77.4714,-90.8466,0,0
14,76,2,-77.9428,-91.318,0,0
14,78,2,-78.3911,-91.7663,0,0
16,0,2,-72.7214,-86.0966,0,0
16,2,2,-72.284,-85.6592,0,0
16,4,2,-71.8239,-85.1991,0,0
16,6,2,-71.3387,-84.7138,0,0
16,8,2,-70.8254,-84.2006,0,0
16,10,2,-70.2809,-83.656,0,0
16,12,2,-69.7011,-83.0763,0,0
16,14,2,-69.0815,-82.4567,0,0
16,16,2,-68.4164,-81.7916,0,0
16,18,2,-67.699,-81.0742,0,0
16,20,2,-66.9212,-80.2964,0,0
16,22,2,-66.0727,-79.4479,0,0
16,24,2,-65.1412,-78.5164,0,0
16,26,2,-64.1115,-77.4867,1,0
16,28,2,-62.9658,-76.341,1,0
16,30,2,-61.6848,-75.06,1,0
16,32,2,-60.2539,-73.6291,1,0
16,34,2,-58.683,-72.0581,1,0
16,36,2,-57.0634,-70.4385,1,0
16,38,2,-34.5939,-47.9691,1,1
16,40,2,-27.6042,-40.9794,1,1
16,42,2,-34.5939,-47.9691,1,1
16,44,2,-57.0634,-70.4385,1,0
16,46,2,-58.683,-72.0581,1,0
16,48,2,-60.2539,-73.6291,1,0
16,50,2,-61.6848,-75.06,1,0
16,52,2,-62.9658,-76.341,1,0
16,54,2,-64.1115,-77.4867,1,0
16,56,2,-65.1412,-78.5164,0,0
16,58,2,-66.0727,-79.4479,0,0
16,60,2,-66.9212,-80.2964,0,0
16,62,2,-67.699,-81.0742,0,0
16,64,2,-68.4164,-81.7916,0,0
16,66,2,-69.0815,-82.4567,0,0
16,68,2,-69.7011,-83.0763,0,0
16,70,2,-70.2809,-83.656,0,0
16,72,2,-70.8254,-84.2006,0,0
16,74,2,-71.3387,-84.7138,0,0
16,76,2,-71.8239,-85.1991,0,0
16,78,2,-72.284,-85.6592,0,0
18,0,2,-72.6893,-86.0645,0,0
18,2,2,-72.2485,-85.6237,0,0
18,4,2,-71.7844,-85.1596,0,0
18,6,2,-71.2944,-84.6696,0,0
18,8,2,-70.7756,-84.1508,0,0
18,10,2,-70.2244,-83.5995,0,0
18,12,2,-69.6365,-83.0117,0,0
18,14,2,-69.0069,-82.382,0,0
18,16,2,-68.3293,-81.7045,0,0
18,18,2,-67.5961,-80.9713,0,0
18,20,2,-66.7978,-80.1729,0,0
18,22,2,-65.9222,-79.2974,0,0
18,24,2,-64.9539,-78.3291,1,0
18,26,2,-63.8727,-77.2479,1,0
18,28,2,-62.6522,-76.0274,1,0
18,30,2,-61.2582,-74.6333,1,0
18,32,2,-58.2375,-71.6126,1,0
18,34,2,-44.1363,-57.5115,1,1
18,36,2,-41.5836,-54.9588,1,1
18,38,2,-45.7437,-59.1188,1,1
18,40,2,-37.1466,-50.5218,1,1
18,42,2,-45.7437,-59.1188,1,1
18,44,2,-41.5836,-54.9588,1,1
18,46,2,-44.1363,-57.5115,1,1
18,48,2,-58.2375,-71.6126,1,0
18,50,2,-61.2582,-74.6333,1,0
18,52,2,-62.6522,-76.0274,1,0
18,54,2,-63.8727,-77.2479,1,0
18,56,2,-64.9539,-78.3291,1,0
18,58,2,-65.9222,-79.2974,0,0
18,60,2,-66.7978,-80.1729,0,0
18,62,2,-67.5961,-80.9713,0,0
18,64,2,-68.3293,-81.7045,0,0
18,66,2,-69.0069,-82.382,0,0
18,68,2,-69.6365,-83.0117,0,0
18,70,2,-70.2244,-83.5995,0,0
18,72,2,-70.7756,-84.1508,0,0
18,74,2,-71.2944,-84.6696,0,0
18,76,2,-71.7844,-85.1596,0,0
18,78,2,-72.2485,-85.6237,0,0
20,0,2,-72.6785,-86.0537,0,0
20,2,2,-72.2366,-85.6118,0,0
20,4,2,-71.7711,-85.1463,0,0
20,6,2,-71.2796,-84.6548,0,0
20,8,2,-70.7589,-84.134,0,0
20,10,2,-70.2054,-83.5805,0,0
20,12,2,-69.6147,-82.9899,0,0
20,14,2,-68.9817,-82.3569,0,0
20,16,2,-68.2998,-81.675,0,0
20,18,2,-67.5612,-80.9364,0,0
20,20,2,-66.7558,-80.131,0,0
20,22,2,-65.8708,-79.246,0,0
20,24,2,-64.8896,-78.2648,1,0
20,26,2,-63.0481,-76.4233,1,0
20,28,2,-61.8831,-75.2583,1,0
20,30,2,-48.5733,-61.9485,1,1
20,32,2,-47.0981,-60.4733,1,1
20,34,2,-45.4575,-58.8327,1,1
20,36,2,-50.7321,-64.1072,1,1
20,38,2,-52.7128,-66.0879,1,0
20,40,2,-38.4856,-51.8608,1,1
20,42,2,-52.7128,-66.0879,1,0
20,44,2,-50.7321,-64.1072,1,1
20,46,2,-45.4575,-58.8327,1,1
20,48,2,-47.0981,-60.4733,1,1
20,50,2,-48.5733,-61.9485,1,1
20,52,2,-61.8831,-75.2583,1,0
20,54,2,-63.0481,-76.4233,1,0
20,56,2,-64.8896,-78.2648,1,0
20,58,2,-65.8708,-79.246,0,0
20,60,2,-66.7558,-80.131,0,0
20,62,2,-67.5612,-80.9364,0,0
20,64,2,-68.2998,-81.675,0,0
20,66,2,-68.9817,-82.3569,0,0
20,68,2,-69.6147,-82.9899,0,0
20,70,2,-70.2054,-83.5805,0,0
20,72,2,-70.7589,-84.134,0,0
20,74,2,-71.2796,-84.6548,0,0
20,76,2,-71.7711,-85.1463,0,0
20,78,2,-72.2366,-85.6118,0,0
22,0,2,-72.6893,-86.0645,0,0
22,2,2,-72.2485,-85.6237,0,0
22,4,2,-71.7844,-85.1596,0,0
22,6,2,-71.2944,-84.6696,0,0
22,8,2,-70.7756,-84.1508,0,0
22,10,2,-70.2244,-83.5995,0,0
22,12,2,-69.6365,-83.0117,0,0
22,14,2,-69.0069,-82.382,0,0
22,16,2,-68.3293,-81.7045,0,0
22,18,2,-67.5961,-80.9713,0,0
22,20,2,-66.1267,-79.5019,0,0
22,22,2,-65.3213,-78.6965,0,0
22,24,2,-64.4472,-77.8224,1,0
22,26,2,-51.4959,-64.8711,1,1
22,28,2,-50.4598,-63.835,1,1
22,30,2,-49.3361,-62.7113,1,1
22,32,2,-48.135,-61.5102,1,1
22,34,2,-53.8984,-67.2736,1,0
22,36,2,-55.6895,-69.0647,1,0
22,38,2,-53.6685,-67.0437,1,0
22,40,2,-44.5062,-57.8814,1,1
22,42,2,-53.6685,-67.0437,1,0
22,44,2,-55.6895,-69.0647,1,0
22,46,2,-53.8984,-67.2736,1,0
22,48,2,-48.135,-61.5102,1,1
22,50,2,-49.3361,-62.7113,1,1
22,52,2,-50.4598,-63.835,1,1
22,54,2,-51.4959,-64.8711,1,1
22,56,2,-64.4472,-77.8224,1,0
22,58,2,-65.3213,-78.6965,0,0
22,60,2,-66.1267,-79.5019,0,0
22,62,2,-67.5961,-80.9713,0,0
22,64,2,-68.3293,-81.7045,0,0
22,66,2,-69.0069,-82.382,0,0
22,68,2,-69.6365,-83.0117,0,0
22,70,2,-70.2244,-83.5995,0,0
22,72,2,-70.7756,-84.1508,0,0
22,74,2,-71.2944,-84.6696,0,0
22,76,2,-71.7844,-85.1596,0,0
22,78,2,-72.2485,-85.6237,0,0
24,0,2,-72.7214,-86.0966,0,0
24,2,2,-72.284,-85.6592,0,0
24,4,2,-71.8239,-85.1991,0,0
24,6,2,-71.3387,-84.7138,0,0
24,8,2,-70.8254,-84.2006,0,0
24,10,2,-70.2809,-83.656,0,0
24,12,2,-69.7011,-83.0763,0,0
24,14,2,-68.3952,-81.7704,0,0
24,16,2,-67.7799,-81.1551,0,0
24,18,2,-67.1247,-80.4999,0,0
24,20,2,-66.4257,-79.8009,0,0
24,22,2,-53.6788,-67.054,1,0
24,24,2,-52.8805,-66.2557,1,0
24,26,2,-52.029,-65.4042,1,0
24,28,2,-51.1261,-64.5012,1,1
24,30,2,-50.181,-63.5562,1,1
24,32,2,-56.2179,-69.5931,1,0
24,34,2,-55.2861,-68.6613,1,0
24,36,2,-57.0634,-70.4385,1,0
24,38,2,-62.6895,-76.0647,1,0
24,40,2,-46.6891,-60.0643,1,1
24,42,2,-62.6895,-76.0647,1,0
24,44,2,-57.0634,-70.4385,1,0
24,46,2,-55.2861,-68.6613,1,0
24,48,2,-56.2179,-69.5931,1,0
24,50,2,-50.181,-63.5562,1,1
24,52,2,-51.1261,-64.5012,1,1
24,54,2,-52.029,-65.4042,1,0
24,56,2,-52.8805,-66.2557,1,0
24,58,2,-53.6788,-67.054,1,0
24,60,2,-66.4257,-79.8009,0,0
24,62,2,-67.1247,-80.4999,0,0
24,64,2,-67.7799,-81.1551,0,0
24,66,2,-68.3952,-81.7704,0,0
24,68,2,-69.7011,-83.0763,0,0
24,70,2,-70.2809,-83.656,0,0
24,72,2,-70.8254,-84.2006,0,0
24,74,2,-71.3387,-84.7138,0,0
24,76,2,-71.8239,-85.1991,0,0
24,78,2,-72.284,-85.6592,0,0
26,0,2,-72.7745,-86.1496,0,0
26,2,2,-72.3426,-85.7178,0,0
26,4,2,-71.889,-85.2642,0,0
26,6,2,-71.4114,-84.7866,0,0
26,8,2,-70.1923,-83.5675,0,0
26,10,2,-69.6945,-83.0697,0,0
26,12,2,-69.1707,-82.5459,0,0
26,14,2,-68.6188,-81.994,0,0
26,16,2,-68.0366,-81.4117,0,0
26,18,2,-55.4218,-68.797,1,0
26,20,2,-54.7726,-68.1478,1,0
26,22,2,-54.0878,-67.463,1,0
26,24,2,-53.3676,-66.7428,1,0
26,26,2,-52.6148,-65.99,1,0
26,28,2,-51.8367,-65.2119,1,0
26,30,2,-58.0481,-71.4233,1,0
26,32,2,-57.2759,-70.6511,1,0
26,34,2,-59.6474,-73.0226,1,0
26,36,2,-58.683,-72.0581,1,0
26,38,2,-67.8984,-81.2736,0,0
26,40,2,-46.6891,-60.0643,1,1
26,42,2,-67.8984,-81.2736,0,0
26,44,2,-58.683,-72.0581,1,0
26,46,2,-59.6474,-73.0226,1,0
26,48,2,-57.2759,-70.6511,1,0
26,50,2,-58.0481,-71.4233,1,0
26,52,2,-51.8367,-65.2119,1,0
26,54,2,-52.6148,-65.99,1,0
26,56,2,-53.3676,-66.7428,1,0
26,58,2,-54.0878,-67.463,1,0
26,60,2,-54.7726,-68.1478,1,0
26,62,2,-55.4218,-68.797,1,0
26,64,2,-68.0366,-81.4117,0,0
26,66,2,-68.6188,-81.994,0,0
26,68,2,-69.1707,-82.5459,0,0
26,70,2,-69.6945,-83.0697,0,0
26,72,2,-70.1923,-83.5675,0,0
26,74,2,-71.4114,-84.7866,0,0
26,76,2,-71.889,-85.2642,0,0
26,78,2,-72.3426,-85.7178,0,0
28,0,2,-72.8476,-86.2228,0,0
28,2,2,-71.6806,-85.0557,0,0
28,4,2,-71.2626,-84.6378,0,0
28,6,2,-70.8264,-84.2016,0,0
28,8,2,-70.3706,-83.7458,0,0
28,10,2,-69.894,-83.2692,0,0
28,12,2,-69.3952,-82.7703,0,0
28,14,2,-56.8728,-70.248,1,0
28,16,2,-56.3258,-69.701,1,0
28,18,2,-55.7534,-69.1285,1,0
28,20,2,-55.1553,-68.5305,1,0
28,22,2,-54.5327,-67.9079,1,0
28,24,2,-53.8881,-67.2633,1,0
28,26,2,-53.2272,-66.6023,1,0
28,28,2,-59.5597,-72.9348,1,0
28,30,2,-58.9017,-72.2769,1,0
28,32,2,-62.0733,-75.4484,1,0
28,34,2,-61.1061,-74.4813,1,0
28,36,2,-57.9927,-71.3679,1,0
28,38,2,-58.847,-72.2222,1,0
28,40,2,-44.5062,-57.8814,1,1
28,42,2,-58.847,-72.2222,1,0
28,44,2,-57.9927,-71.3679,1,0
28,46,2,-61.1061,-74.4813,1,0
28,48,2,-62.0733,-75.4484,1,0
28,50,2,-58.9017,-72.2769,1,0
28,52,2,-59.5597,-72.9348,1,0
28,54,2,-53.2272,-66.6023,1,0
28,56,2,-53.8881,-67.2633,1,0
28,58,2,-54.5327,-67.9079,1,0
28,60,2,-55.1553,-68.5305,1,0
28,62,2,-55.7534,-69.1285,1,0
28,64,2,-56.3258,-69.701,1,0
28,66,2,-56.8728,-70.248,1,0
28,68,2,-69.3952,-82.7703,0,0
28,70,2,-69.894,-83.2692,0,0
28,72,2,-70.3706,-83.7458,0,0
28,74,2,-70.8264,-84.2016,0,0
28,76,2,-71.2626,-84.6378,0,0
28,78,2,-71.6806,-85.0557,0,0
30,0,2,-78.7128,-92.0879,0,0
30,2,2,-78.2744,-91.6496,0,0
30,4,2,-77.8133,-91.1884,0,0
30,6,2,-77.3267,-90.7019,0,0
30,8,2,-76.812,-90.1872,0,0
30,10,2,-70.1158,-83.4909,0,0
30,12,2,-69.6431,-83.0183,0,0
30,14,2,-69.1515,-82.5266,0,0
30,16,2,-68.6405,-82.0157,0,0
30,18,2,-68.1107,-81.4859,0,0
30,20,2,-67.563,-80.9382,0,0
30,22,2,-66.9999,-80.3751,0,0
30,24,2,-66.4257,-79.8009,0,0
30,26,2,-70.0481,-83.4233,0,0
30,28,2,-68.8831,-82.2583,0,0
30,30,2,-67.5733,-80.9485,0,0
30,32,2,-66.0981,-79.4733,0,0
30,34,2,-64.4575,-77.8327,1,0
30,36,2,-62.7321,-76.1072,1,0
30,38,2,-68.2282,-81.6034,0,0
30,40,2,-41.5836,-54.9588,1,1
30,42,2,-68.2282,-81.6034,0,0
30,44,2,-62.7321,-76.1072,1,0
30,46,2,-64.4575,-77.8327,1,0
30,48,2,-66.0981,-79.4733,0,0
30,50,2,-67.5733,-80.9485,0,0
30,52,2,-68.8831,-82.2583,0,0
30,54,2,-70.0481,-83.4233,0,0
30,56,2,-66.4257,-79.8009,0,0
30,58,2,-66.9999,-80.3751,0,0
30,60,2,-67.563,-80.9382,0,0
30,62,2,-68.1107,-81.4859,0,0
30,64,2,-68.6405,-82.0157,0,0
30,66,2,-69.1515,-82.5266,0,0
30,68,2,-69.6431,-83.0183,0,0
30,70,2,-70.1158,-83.4909,0,0
30,72,2,-76.812,-90.1872,0,0
30,74,2,-77.3267,-90.7019,0,0
30,76,2,-77.8133,-91.1884,0,0
30,78,2,-78.2744,-91.6496,0,0
32,0,2,-66.6698,-80.045,0,0
32,2,2,-66.2269,-79.6021,0,0
32,4,2,-65.7603,-79.1355,0,0
32,6,2,-65.2675,-78.6427,0,0
32,8,2,-64.7452,-78.1204,1,0
32,10,2,-64.1899,-77.565,1,0
32,12,2,-63.597,-76.9721,1,0
32,14,2,-62.9611,-76.3363,1,0
32,16,2,-62.2758,-75.651,1,0
32,18,2,-61.5327,-74.9079,1,0
32,20,2,-60.7215,-74.0966,1,0
32,22,2,-59.8287,-73.2038,1,0
32,24,2,-58.8367,-72.2119,1,0
32,26,2,-57.7218,-71.0969,1,0
32,28,2,-56.4511,-69.8263,1,0
32,30,2,-54.9785,-68.3537,1,0
32,32,2,-53.2375,-66.6126,1,0
32,34,2,-51.1363,-64.5115,1,1
32,36,2,-48.5836,-61.9588,1,1
32,38,2,-45.7437,-59.1188,1,1
32,40,2,-37.1466,-50.5218,1,1
32,42,2,-45.7437,-59.1188,1,1
32,44,2,-48.5836,-61.9588,1,1
32,46,2,-51.1363,-64.5115,1,1
32,48,2,-53.2375,-66.6126,1,0
32,50,2,-54.9785,-68.3537,1,0
32,52,2,-56.4511,-69.8263,1,0
32,54,2,-57.7218,-71.0969,1,0
32,56,2,-58.8367,-72.2119,1,0
32,58,2,-59.8287,-73.2038,1,0
32,60,2,-60.7215,-74.0966,1,0
32,62,2,-61.5327,-74.9079,1,0
32,64,2,-62.2758,-75.651,1,0
32,66,2,-62.9611,-76.3363,1,0
32,68,2,-63.597,-76.9721,1,0
32,70,2,-64.1899,-77.565,1,0
32,72,2,-64.7452,-78.1204,1,0
32,74,2,-65.2675,-78.6427,0,0
32,76,2,-65.7603,-79.1355,0,0
32,78,2,-66.2269,-79.6021,0,0
34,0,2,-66.6481,-80.0233,0,0
34,2,2,-66.2029,-79.5781,0,0
34,4,2,-65.7336,-79.1088,0,0
34,6,2,-65.2376,-78.6127,0,0
34,8,2,-64.7115,-78.0866,1,0
34,10,2,-64.1515,-77.5266,1,0
34,12,2,-63.5529,-76.9281,1,0
34,14,2,-62.9101,-76.2853,1,0
34,16,2,-62.216,-75.5912,1,0
34,18,2,-61.4616,-74.8368,1,0
34,20,2,-60.6357,-74.0108,1,0
34,22,2,-59.7231,-73.0982,1,0
34,24,2,-58.7036,-72.0787,1,0
34,26,2,-57.5489,-70.9241,1,0
34,28,2,-56.2179,-69.5931,1,0
34,30,2,-54.6474,-68.0226,1,0
34,32,2,-52.7334,-66.1085,1,0
34,34,2,-50.2862,-63.6614,1,1
34,36,2,-46.9087,-60.2839,1,1
34,38,2,-41.5939,-54.9691,1,1
34,40,2,-27.6042,-40.9794,1,1
34,42,2,-41.5939,-54.9691,1,1
34,44,2,-46.9087,-60.2839,1,1
34,46,2,-50.2862,-63.6614,1,1
34,48,2,-52.7334,-66.1085,1,0
34,50,2,-54.6474,-68.0226,1,0
34,52,2,-56.2179,-69.5931,1,0
34,54,2,-57.5489,-70.9241,1,0
34,56,2,-58.7036,-72.0787,1,0
34,58,2,-59.7231,-73.0982,1,0
34,60,2,-60.6357,-74.0108,1,0
34,62,2,-61.4616,-74.8368,1,0
34,64,2,-62.216,-75.5912,1,0
34,66,2,-62.9101,-76.2853,1,0
34,68,2,-63.5529,-76.9281,1,0
34,70,2,-64.1515,-77.5266,1,0
34,72,2,-64.7115,-78.0866,1,0
34,74,2,-65.2376,-78.6127,0,0
34,76,2,-65.7336,-79.1088,0,0
34,78,2,-66.2029,-79.5781,0,0
36,0,2,-66.6481,-80.0233,0,0
36,2,2,-66.2029,-79.5781,0,0
36,4,2,-65.7336,-79.1088,0,0
36,6,2,-65.2376,-78.6127,0,0
36,8,2,-64.7115,-78.0866,1,0
36,10,2,-64.1515,-77.5266,1,0
36,12,2,-63.5529,-76.9281,1,0
36,14,2,-62.9101,-76.2853,1,0
36,16,2,-62.216,-75.5912,1,0
36,18,2,-61.4616,-74.8368,1,0
36,20,2,-60.6357,-74.0108,1,0
36,22,2,-59.7231,-73.0982,1,0
36,24,2,-58.7036,-72.0787,1,0
36,26,2,-57.5489,-70.9241,1,0
36,28,2,-56.2179,-69.5931,1,0
36,30,2,-54.6474,-68.0226,1,0
36,32,2,-52.7334,-66.1085,1,0
36,34,2,-50.2862,-63.6614,1,1
36,36,2,-46.9087,-60.2839,1,1
36,38,2,-41.5939,-54.9691,1,1
36,40,2,-27.6042,-40.9794,1,1
36,42,2,-41.5939,-54.9691,1,1
36,44,2,-46.9087,-60.2839,1,1
36,46,2,-50.2862,-63.6614,1,1
36,48,2,-52.7334,-66.1085,1,0
36,50,2,-54.6474,-68.0226,1,0
36,52,2,-56.2179,-69.5931,1,0
36,54,2,-57.5489,-70.9241,1,0
36,56,2,-58.7036,-72.0787,1,0
36,58,2,-59.7231,-73.0982,1,0
36,60,2,-60.6357,-74.0108,1,0
36,62,2,-61.4616,-74.8368,1,0
36,64,2,-62.216,-75.5912,1,0
36,66,2,-62.9101,-76.2853,1,0
36,68,2,-63.5529,-76.9281,1,0
36,70,2,-64.1515,-77.5266,1,0
36,72,2,-64.7115,-78.0866,1,0
36,74,2,-65.2376,-78.6127,0,0
36,76,2,-65.7336,-79.1088,0,0
36,78,2,-66.2029,-79.5781,0,0
38,0,2,-66.6698,-80.045,0,0
38,2,2,-66.2269,-79.6021,0,0
38,4,2,-65.7603,-79.1355,0,0
38,6,2,-65.2675,-78.6427,0,0
38,8,2,-64.7452,-78.1204,1,0
38,10,2,-64.1899,-77.565,1,0
38,12,2,-63.597,-76.9721,1,0
38,14,2,-62.9611,-76.3363,1,0
38,16,2,-62.2758,-75.651,1,0
38,18,2,-61.5327,-74.9079,1,0
38,20,2,-60.7215,-74.0966,1,0
38,22,2,-59.8287,-73.2038,1,0
38,24,2,-58.8367,-72.2119,1,0
38,26,2,-57.7218,-71.0969,1,0
38,28,2,-56.4511,-69.8263,1,0
38,30,2,-54.9785,-68.3537,1,0
38,32,2,-53.2375,-66.6126,1,0
38,34,2,-51.1363,-64.5115,1,1
38,36,2,-48.5836,-61.9588,1,1
38,38,2,-45.7437,-59.1188,1,1
38,40,2,-37.1466,-50.5218,1,1
38,42,2,-45.7437,-59.1188,1,1
38,44,2,-48.5836,-61.9588,1,1
38,46,2,-51.1363,-64.5115,1,1
38,48,2,-53.2375,-66.6126,1,0
38,50,2,-54.9785,-68.3537,1,0
38,52,2,-56.4511,-69.8263,1,0
38,54,2,-57.7218,-71.0969,1,0
38,56,2,-58.8367,-72.2119,1,0
38,58,2,-59.8287,-73.2038,1,0
38,60,2,-60.7215,-74.0966,1,0
38,62,2,-61.5327,-74.9079,1,0
38,64,2,-62.2758,-75.651,1,0
38,66,2,-62.9611,-76.3363,1,0
38,68,2,-63.597,-76.9721,1,0
38,70,2,-64.1899,-77.565,1,0
38,72,2,-64.7452,-78.1204,1,0
38,74,2,-65.2675,-78.6427,0,0
38,76,2,-65.7603,-79.1355,0,0
38,78,2,-66.2269,-79.6021,0,0
40,0,2,-78.7128,-92.0879,0,0
40,2,2,-66.2744,-79.6496,0,0
40,4,2,-65.8133,-79.1884,0,0
40,6,2,-65.3267,-78.7019,0,0
40,8,2,-64.812,-78.1872,1,0
40,10,2,-64.2656,-77.6408,1,0
40,12,2,-63.6837,-77.0589,1,0
40,14,2,-63.0614,-76.4366,1,0
40,16,2,-62.393,-75.7681,1,0
40,18,2,-61.6714,-75.0466,1,0
40,20,2,-60.8881,-74.2633,1,0
40,22,2,-60.0325,-73.4077,1,0
40,24,2,-59.0913,-72.4665,1,0
40,26,2,-58.0481,-71.4233,1,0
40,28,2,-56.8831,-70.2583,1,0
40,30,2,-55.5733,-68.9485,1,0
40,32,2,-54.0981,-67.4733,1,0
40,34,2,-52.4575,-65.8327,1,0
40,36,2,-50.7321,-64.1072,1,1
40,38,2,-52.7128,-66.0879,1,0
40,40,2,-38.4856,-51.8608,1,1
40,42,2,-52.7128,-66.0879,1,0
40,44,2,-50.7321,-64.1072,1,1
40,46,2,-52.4575,-65.8327,1,0
40,48,2,-54.0981,-67.4733,1,0
40,50,2,-55.5733,-68.9485,1,0
40,52,2,-56.8831,-70.2583,1,0
40,54,2,-58.0481,-71.4233,1,0
40,56,2,-59.0913,-72.4665,1,0
40,58,2,-60.0325,-73.4077,1,0
40,60,2,-60.8881,-74.2633,1,0
40,62,2,-61.6714,-75.0466,1,0
40,64,2,-62.393,-75.7681,1,0
40,66,2,-63.0614,-76.4366,1,0
40,68,2,-63.6837,-77.0589,1,0
40,70,2,-64.2656,-77.6408,1,0
40,72,2,-64.812,-78.1872,1,0
40,74,2,-65.3267,-78.7019,0,0
40,76,2,-65.8133,-79.1884,0,0
40,78,2,-66.2744,-79.6496,0,0
42,0,2,-66.7764,-80.1516,0,0
42,2,2,-66.3448,-79.72,0,0
42,4,2,-65.8914,-79.2666,0,0
42,6,2,-65.4141,-78.7893,0,0
42,8,2,-64.9102,-78.2854,1,0
42,10,2,-64.3769,-77.7521,1,0
42,12,2,-63.8107,-77.1859,1,0
42,14,2,-63.2076,-76.5828,1,0
42,16,2,-62.563,-75.9382,1,0
42,18,2,-61.8715,-75.2467,1,0
42,20,2,-61.1267,-74.5019,1,0
42,22,2,-60.3213,-73.6965,1,0
42,24,2,-59.4472,-72.8224,1,0
42,26,2,-58.4959,-71.8711,1,0
42,28,2,-57.4598,-70.835,1,0
42,30,2,-56.3361,-69.7113,1,0
42,32,2,-55.135,-68.5102,1,0
42,34,2,-53.8984,-67.2736,1,0
42,36,2,-55.6895,-69.0647,1,0
42,38,2,-53.6685,-67.0437,1,0
42,40,2,-44.5062,-57.8814,1,1
42,42,2,-53.6685,-67.0437,1,0
42,44,2,-55.6895,-69.0647,1,0
42,46,2,-53.8984,-67.2736,1,0
42,48,2,-55.135,-68.5102,1,0
42,50,2,-56.3361,-69.7113,1,0
42,52,2,-57.4598,-70.835,1,0
42,54,2,-58.4959,-71.8711,1,0
42,56,2,-59.4472,-72.8224,1,0
42,58,2,-60.3213,-73.6965,1,0
42,60,2,-61.1267,-74.5019,1,0
42,62,2,-61.8715,-75.2467,1,0
42,64,2,-62.563,-75.9382,1,0
42,66,2,-63.2076,-76.5828,1,0
42,68,2,-63.8107,-77.1859,1,0
42,70,2,-64.3769,-77.7521,1,0
42,72,2,-64.9102,-78.2854,1,0
42,74,2,-65.4141,-78.7893,0,0
42,76,2,-65.8914,-79.2666,0,0
42,78,2,-66.3448,-79.72,0,0
44,0,2,-66.8599,-80.2351,0,0
44,2,2,-66.4369,-79.8121,0,0
44,4,2,-65.9936,-79.3687,0,0
44,6,2,-65.5279,-78.9031,0,0
44,8,2,-65.0378,-78.413,0,0
44,10,2,-64.5209,-77.8961,1,0
44,12,2,-63.9744,-77.3496,1,0
44,14,2,-63.3952,-76.7704,1,0
44,16,2,-62.7799,-76.1551,1,0
44,18,2,-62.1247,-75.4999,1,0
44,20,2,-61.4257,-74.8009,1,0
44,22,2,-60.6788,-74.054,1,0
44,24,2,-59.8805,-73.2557,1,0
44,26,2,-59.029,-72.4042,1,0
44,28,2,-58.1261,-71.5012,1,0
44,30,2,-57.181,-70.5562,1,0
44,32,2,-56.2179,-69.5931,1,0
44,34,2,-55.2861,-68.6613,1,0
44,36,2,-57.0634,-70.4385,1,0
44,38,2,-62.6895,-76.0647,1,0
44,40,2,-46.6891,-60.0643,1,1
44,42,2,-62.6895,-76.0647,1,0
44,44,2,-57.0634,-70.4385,1,0
44,46,2,-55.2861,-68.6613,1,0
44,48,2,-56.2179,-69.5931,1,0
44,50,2,-57.181,-70.5562,1,0
44,52,2,-58.1261,-71.5012,1,0
44,54,2,-59.029,-72.4042,1,0
44,56,2,-59.8805,-73.2557,1,0
44,58,2,-60.6788,-74.054,1,0
44,60,2,-61.4257,-74.8009,1,0
44,62,2,-62.1247,-75.4999,1,0
44,64,2,-62.7799,-76.1551,1,0
44,66,2,-63.3952,-76.7704,1,0
44,68,2,-63.9744,-77.3496,1,0
44,70,2,-64.5209,-77.8961,1,0
44,72,2,-65.0378,-78.413,0,0
44,74,2,-65.5279,-78.9031,0,0
44,76,2,-65.9936,-79.3687,0,0
44,78,2,-66.4369,-79.8121,0,0
46,0,2,-66.8599,-80.2351,0,0
46,2,2,-66.4369,-79.8121,0,0
46,4,2,-65.9936,-79.3687,0,0
46,6,2,-65.5279,-78.9031,0,0
46,8,2,-65.0378,-78.413,0,0
46,10,2,-64.5209,-77.8961,1,0
46,12,2,-63.5704,-76.9456,1,0
46,14,2,-63.07,-76.4452,1,0
46,16,2,-62.5488,-75.9239,1,0
46,18,2,-62.0069,-75.382,1,0
46,20,2,-61.4257,-74.8009,1,0
46,22,2,-60.6788,-74.054,1,0
46,24,2,-59.8805,-73.2557,1,0
46,26,2,-59.029,-72.4042,1,0
46,28,2,-58.1261,-71.5012,1,0
46,30,2,-57.181,-70.5562,1,0
46,32,2,-56.2179,-69.5931,1,0
46,34,2,-55.2861,-68.6613,1,0
46,36,2,-61.4719,-74.8471,1,0
46,38,2,-64.7851,-78.1603,1,0
46,40,2,-46.6891,-60.0643,1,1
46,42,2,-64.7851,-78.1603,1,0
46,44,2,-61.4719,-74.8471,1,0
46,46,2,-55.2861,-68.6613,1,0
46,48,2,-56.2179,-69.5931,1,0
46,50,2,-57.181,-70.5562,1,0
46,52,2,-58.1261,-71.5012,1,0
46,54,2,-59.029,-72.4042,1,0
46,56,2,-59.8805,-73.2557,1,0
46,58,2,-60.6788,-74.054,1,0
46,60,2,-61.4257,-74.8009,1,0
46,62,2,-62.0069,-75.382,1,0
46,64,2,-62.5488,-75.9239,1,0
46,66,2,-63.07,-76.4452,1,0
46,68,2,-63.5704,-76.9456,1,0
46,70,2,-64.5209,-77.8961,1,0
46,72,2,-65.0378,-78.413,0,0
46,74,2,-65.5279,-78.9031,0,0
46,76,2,-65.9936,-79.3687,0,0
46,78,2,-66.4369,-79.8121,0,0
48,0,2,-66.7764,-80.1516,0,0
48,2,2,-66.3448,-79.72,0,0
48,4,2,-65.8914,-79.2666,0,0
48,6,2,-65.4141,-78.7893,0,0
48,8,2,-64.9102,-78.2854,1,0
48,10,2,-64.3769,-77.7521,1,0
48,12,2,-63.8107,-77.1859,1,0
48,14,2,-63.2076,-76.5828,1,0
48,16,2,-62.2508,-75.626,1,0
48,18,2,-61.6677,-75.0429,1,0
48,20,2,-61.0569,-74.4321,1,0
48,22,2,-60.3213,-73.6965,1,0
48,24,2,-59.4472,-72.8224,1,0
48,26,2,-58.4959,-71.8711,1,0
48,28,2,-57.4598,-70.835,1,0
48,30,2,-56.3361,-69.7113,1,0
48,32,2,-55.135,-68.5102,1,0
48,34,2,-53.8984,-67.2736,1,0
48,36,2,-59.7334,-73.1085,1,0
48,38,2,-64.163,-77.5381,1,0
48,40,2,-44.5062,-57.8814,1,1
48,42,2,-64.163,-77.5381,1,0
48,44,2,-59.7334,-73.1085,1,0
48,46,2,-53.8984,-67.2736,1,0
48,48,2,-55.135,-68.5102,1,0
48,50,2,-56.3361,-69.7113,1,0
48,52,2,-57.4598,-70.835,1,0
48,54,2,-58.4959,-71.8711,1,0
48,56,2,-59.4472,-72.8224,1,0
48,58,2,-60.3213,-73.6965,1,0
48,60,2,-61.0569,-74.4321,1,0
48,62,2,-61.6677,-75.0429,1,0
48,64,2,-62.2508,-75.626,1,0
48,66,2,-63.2076,-76.5828,1,0
48,68,2,-63.8107,-77.1859,1,0
48,70,2,-64.3769,-77.7521,1,0
48,72,2,-64.9102,-78.2854,1,0
48,74,2,-65.4141,-78.7893,0,0
48,76,2,-65.8914,-79.2666,0,0
48,78,2,-66.3448,-79.72,0,0
50,0,2,-66.7128,-80.0879,0,0
50,2,2,-66.2744,-79.6496,0,0
50,4,2,-65.8133,-79.1884,0,0
50,6,2,-65.3267,-78.7019,0,0
50,8,2,-64.812,-78.1872,1,0
50,10,2,-64.2656,-77.6408,1,0
50,12,2,-63.6837,-77.0589,1,0
50,14,2,-63.0614,-76.4366,1,0
50,16,2,-62.393,-75.7681,1,0
50,18,2,-61.6714,-75.0466,1,0
50,20,2,-60.699,-74.0742,1,0
50,22,2,-60.0016,-73.3768,1,0
50,24,2,-59.0913,-72.4665,1,0
50,26,2,-58.0481,-71.4233,1,0
50,28,2,-56.8831,-70.2583,1,0
50,30,2,-55.5733,-68.9485,1,0
50,32,2,-54.0981,-67.4733,1,0
50,34,2,-52.4575,-65.8327,1,0
50,36,2,-50.7321,-64.1072,1,1
50,38,2,-56.2282,-69.6034,1,0
50,40,2,-41.5836,-54.9588,1,1
50,42,2,-56.2282,-69.6034,1,0
50,44,2,-50.7321,-64.1072,1,1
50,46,2,-52.4575,-65.8327,1,0
50,48,2,-54.0981,-67.4733,1,0
50,50,2,-55.5733,-68.9485,1,0
50,52,2,-56.8831,-70.2583,1,0
50,54,2,-58.0481,-71.4233,1,0
50,56,2,-59.0913,-72.4665,1,0
50,58,2,-60.0016,-73.3768,1,0
50,60,2,-60.699,-74.0742,1,0
50,62,2,-61.6714,-75.0466,1,0
50,64,2,-62.393,-75.7681,1,0
50,66,2,-63.0614,-76.4366,1,0
50,68,2,-63.6837,-77.0589,1,0
50,70,2,-64.2656,-77.6408,1,0
50,72,2,-64.812,-78.1872,1,0
50,74,2,-65.3267,-78.7019,0,0
50,76,2,-65.8133,-79.1884,0,0
50,78,2,-66.2744,-79.6496,0,0
52,0,2,-66.6698,-80.045,0,0
52,2,2,-66.2269,-79.6021,0,0
52,4,2,-65.7603,-79.1355,0,0
52,6,2,-65.2675,-78.6427,0,0
52,8,2,-64.7452,-78.1204,1,0
52,10,2,-64.1899,-77.565,1,0
52,12,2,-63.597,-76.9721,1,0
52,14,2,-62.9611,-76.3363,1,0
52,16,2,-62.2758,-75.651,1,0
52,18,2,-61.5327,-74.9079,1,0
52,20,2,-60.7215,-74.0966,1,0
52,22,2,-59.8287,-73.2038,1,0
52,24,2,-58.8189,-72.194,1,0
52,26,2,-57.7218,-71.0969,1,0
52,28,2,-56.4511,-69.8263,1,0
52,30,2,-54.9785,-68.3537,1,0
52,32,2,-53.2375,-66.6126,1,0
52,34,2,-51.1363,-64.5115,1,1
52,36,2,-48.5836,-61.9588,1,1
52,38,2,-45.7437,-59.1188,1,1
52,40,2,-37.1466,-50.5218,1,1
52,42,2,-45.7437,-59.1188,1,1
52,44,2,-48.5836,-61.9588,1,1
52,46,2,-51.1363,-64.5115,1,1
52,48,2,-53.2375,-66.6126,1,0
52,50,2,-54.9785,-68.3537,1,0
52,52,2,-56.4511,-69.8263,1,0
52,54,2,-57.7218,-71.0969,1,0
52,56,2,-58.8189,-72.194,1,0
52,58,2,-59.8287,-73.2038,1,0
52,60,2,-60.7215,-74.0966,1,0
52,62,2,-61.5327,-74.9079,1,0
52,64,2,-62.2758,-75.651,1,0
52,66,2,-62.9611,-76.3363,1,0
52,68,2,-63.597,-76.9721,1,0
52,70,2,-64.1899,-77.565,1,0
52,72,2,-64.7452,-78.1204,1,0
52,74,2,-65.2675,-78.6427,0,0
52,76,2,-65.7603,-79.1355,0,0
52,78,2,-66.2269,-79.6021,0,0
54,0,2,-66.6481,-80.0233,0,0
54,2,2,-66.2029,-79.5781,0,0
54,4,2,-65.7336,-79.1088,0,0
54,6,2,-65.2376,-78.6127,0,0
54,8,2,-64.7115,-78.0866,1,0
54,10,2,-64.1515,-77.5266,1,0
54,12,2,-63.5529,-76.9281,1,0
54,14,2,-62.9101,-76.2853,1,0
54,16,2,-62.216,-75.5912,1,0
54,18,2,-61.4616,-74.8368,1,0
54,20,2,-60.6357,-74.0108,1,0
54,22,2,-59.7231,-73.0982,1,0
54,24,2,-58.7036,-72.0787,1,0
54,26,2,-57.5489,-70.9241,1,0
54,28,2,-56.2179,-69.5931,1,0
54,30,2,-54.6474,-68.0226,1,0
54,32,2,-52.7334,-66.1085,1,0
54,34,2,-50.2862,-63.6614,1,1
54,36,2,-46.9087,-60.2839,1,1
54,38,2,-41.5939,-54.9691,1,1
54,40,2,-27.6042,-40.9794,1,1
54,42,2,-41.5939,-54.9691,1,1
54,44,2,-46.9087,-60.2839,1,1
54,46,2,-50.2862,-63.6614,1,1
54,48,2,-52.7334,-66.1085,1,0
54,50,2,-54.6474,-68.0226,1,0
54,52,2,-56.2179,-69.5931,1,0
54,54,2,-57.5489,-70.9241,1,0
54,56,2,-58.7036,-72.0787,1,0
54,58,2,-59.7231,-73.0982,1,0
54,60,2,-60.6357,-74.0108,1,0
54,62,2,-61.4616,-74.8368,1,0
54,64,2,-62.216,-75.5912,1,0
54,66,2,-62.9101,-76.2853,1,0
54,68,2,-63.5529,-76.9281,1,0
54,70,2,-64.1515,-77.5266,1,0
54,72,2,-64.7115,-78.0866,1,0
54,74,2,-65.2376,-78.6127,0,0
54,76,2,-65.7336,-79.1088,0,0
54,78,2,-66.2029,-79.5781,0,0
56,0,2,-66.6481,-80.0233,0,0
56,2,2,-66.2029,-79.5781,0,0
56,4,2,-65.7336,-79.1088,0,0
56,6,2,-65.2376,-78.6127,0,0
56,8,2,-64.7115,-78.0866,1,0
56,10,2,-64.1515,-77.5266,1,0
56,12,2,-63.5529,-76.9281,1,0
56,14,2,-62.9101,-76.2853,1,0
56,16,2,-62.216,-75.5912,1,0
56,18,2,-61.4616,-74.8368,1,0
56,20,2,-60.6357,-74.0108,1,0
56,22,2,-59.7231,-73.0982,1,0
56,24,2,-58.7036,-72.0787,1,0
56,26,2,-57.5489,-70.9241,1,0
56,28,2,-56.2179,-69.5931,1,0
56,30,2,-54.6474,-68.0226,1,0
56,32,2,-52.7334,-66.1085,1,0
56,34,2,-50.2862,-63.6614,1,1
56,36,2,-46.9087,-60.2839,1,1
56,38,2,-41.5939,-54.9691,1,1
56,40,2,-27.6042,-40.9794,1,1
56,42,2,-41.5939,-54.9691,1,1
56,44,2,-46.9087,-60.2839,1,1
56,46,2,-50.2862,-63.6614,1,1
56,48,2,-52.7334,-66.1085,1,0
56,50,2,-54.6474,-68.0226,1,0
56,52,2,-56.2179,-69.5931,1,0
56,54,2,-57.5489,-70.9241,1,0
56,56,2,-58.7036,-72.0787,1,0
56,58,2,-59.7231,-73.0982,1,0
56,60,2,-60.6357,-74.0108,1,0
56,62,2,-61.4616,-74.8368,1,0
56,64,2,-62.216,-75.5912,1,0
56,66,2,-62.9101,-76.2853,1,0
56,68,2,-63.5529,-76.9281,1,0
56,70,2,-64.1515,-77.5266,1,0
56,72,2,-64.7115,-78.0866,1,0
56,74,2,-65.2376,-78.6127,0,0
56,76,2,-65.7336,-79.1088,0,0
56,78,2,-66.2029,-79.5781,0,0
58,0,2,-66.6698,-80.045,0,0
58,2,2,-66.2269,-79.6021,0,0
58,4,2,-65.7603,-79.1355,0,0
58,6,2,-65.2675,-78.6427,0,0
58,8,2,-64.7452,-78.1204,1,0
58,10,2,-64.1899,-77.565,1,0
58,12,2,-63.597,-76.9721,1,0
58,14,2,-62.9611,-76.3363,1,0
58,16,2,-62.2758,-75.651,1,0
58,18,2,-61.5327,-74.9079,1,0
58,20,2,-60.7215,-74.0966,1,0
58,22,2,-59.8287,-73.2038,1,0
58,24,2,-58.8367,-72.2119,1,0
58,26,2,-57.7218,-71.0969,1,0
58,28,2,-56.4511,-69.8263,1,0
58,30,2,-54.9785,-68.3537,1,0
58,32,2,-53.2375,-66.6126,1,0
58,34,2,-51.1363,-64.5115,1,1
58,36,2,-48.5836,-61.9588,1,1
58,38,2,-45.7437,-59.1188,1,1
58,40,2,-37.1466,-50.5218,1,1
58,42,2,-45.7437,-59.1188,1,1
58,44,2,-48.5836,-61.9588,1,1
58,46,2,-51.1363,-64.5115,1,1
58,48,2,-53.2375,-66.6126,1,0
58,50,2,-54.9785,-68.3537,1,0
58,52,2,-56.4511,-69.8263,1,0
58,54,2,-57.7218,-71.0969,1,0
58,56,2,-58.8367,-72.2119,1,0
58,58,2,-59.8287,-73.2038,1,0
58,60,2,-60.7215,-74.0966,1,0
58,62,2,-61.5327,-74.9079,1,0
58,64,2,-62.2758,-75.651,1,0
58,66,2,-62.9611,-76.3363,1,0
58,68,2,-63.597,-76.9721,1,0
58,70,2,-64.1899,-77.565,1,0
58,72,2,-64.7452,-78.1204,1,0
58,74,2,-65.2675,-78.6427,0,0
58,76,2,-65.7603,-79.1355,0,0
58,78,2,-66.2269,-79.6021,0,0
60,0,2,-78.7128,-92.0879,0,0
60,2,2,-78.2744,-91.6496,0,0
60,4,2,-77.8133,-91.1884,0,0
60,6,2,-77.3267,-90.7019,0,0
60,8,2,-76.812,-90.1872,0,0
60,10,2,-70.1158,-83.4909,0,0
60,12,2,-69.6431,-83.0183,0,0
60,14,2,-69.1515,-82.5266,0,0
60,16,2,-68.6405,-82.0157,0,0
60,18,2,-68.1107,-81.4859,0,0
60,20,2,-67.563,-80.9382,0,0
60,22,2,-66.9999,-80.3751,0,0
60,24,2,-66.4257,-79.8009,0,0
60,26,2,-70.0481,-83.4233,0,0
60,28,2,-68.8831,-82.2583,0,0
60,30,2,-67.5733,-80.9485,0,0
60,32,2,-66.0981,-79.4733,0,0
60,34,2,-64.4575,-77.8327,1,0
60,36,2,-62.7321,-76.1072,1,0
60,38,2,-57.7128,-71.0879,1,0
60,40,2,-38.4856,-51.8608,1,1
60,42,2,-57.7128,-71.0879,1,0
60,44,2,-62.7321,-76.1072,1,0
60,46,2,-64.4575,-77.8327,1,0
60,48,2,-66.0981,-79.4733,0,0
60,50,2,-67.5733,-80.9485,0,0
60,52,2,-68.8831,-82.2583,0,0
60,54,2,-70.0481,-83.4233,0,0
60,56,2,-66.4257,-79.8009,0,0
60,58,2,-66.9999,-80.3751,0,0
60,60,2,-67.563,-80.9382,0,0
60,62,2,-68.1107,-81.4859,0,0
60,64,2,-68.6405,-82.0157,0,0
60,66,2,-69.1515,-82.5266,0,0
60,68,2,-69.6431,-83.0183,0,0
60,70,2,-70.1158,-83.4909,0,0
60,72,2,-76.812,-90.1872,0,0
60,74,2,-77.3267,-90.7019,0,0
60,76,2,-77.8133,-91.1884,0,0
60,78,2,-78.2744,-91.6496,0,0
62,0,2,-78.9418,-92.317,0,0
62,2,2,-71.6806,-85.0557,0,0
62,4,2,-71.2626,-84.6378,0,0
62,6,2,-70.8264,-84.2016,0,0
62,8,2,-70.3706,-83.7458,0,0
62,10,2,-69.894,-83.2692,0,0
62,12,2,-69.3952,-82.7703,0,0
62,14,2,-56.8728,-70.248,1,0
62,16,2,-56.3258,-69.701,1,0
62,18,2,-55.7534,-69.1285,1,0
62,20,2,-55.1553,-68.5305,1,0
62,22,2,-54.5327,-67.9079,1,0
62,24,2,-53.8881,-67.2633,1,0
62,26,2,-53.2272,-66.6023,1,0
62,28,2,-59.5597,-72.9348,1,0
62,30,2,-58.9017,-72.2769,1,0
62,32,2,-65.2778,-78.653,0,0
62,34,2,-62.7851,-76.1603,1,0
62,36,2,-48.6895,-62.0647,1,1
62,38,2,-53.6685,-67.0437,1,0
62,40,2,-44.5062,-57.8814,1,1
62,42,2,-53.6685,-67.0437,1,0
62,44,2,-48.6895,-62.0647,1,1
62,46,2,-62.7851,-76.1603,1,0
62,48,2,-65.2778,-78.653,0,0
62,50,2,-58.9017,-72.2769,1,0
62,52,2,-59.5597,-72.9348,1,0
62,54,2,-53.2272,-66.6023,1,0
62,56,2,-53.8881,-67.2633,1,0
62,58,2,-54.5327,-67.9079,1,0
62,60,2,-55.1553,-68.5305,1,0
62,62,2,-55.7534,-69.1285,1,0
62,64,2,-56.3258,-69.701,1,0
62,66,2,-56.8728,-70.248,1,0
62,68,2,-69.3952,-82.7703,0,0
62,70,2,-69.894,-83.2692,0,0
62,72,2,-70.3706,-83.7458,0,0
62,74,2,-70.8264,-84.2016,0,0
62,76,2,-71.2626,-84.6378,0,0
62,78,2,-71.6806,-85.0557,0,0
64,0,2,-78.8702,-92.2454,0,0
64,2,2,-78.4483,-91.8235,0,0
64,4,2,-78.0062,-91.3813,0,0
64,6,2,-77.5419,-90.9171,0,0
64,8,2,-70.1923,-83.5675,0,0
64,10,2,-69.6945,-83.0697,0,0
64,12,2,-69.1707,-82.5459,0,0
64,14,2,-68.6188,-81.994,0,0
64,16,2,-68.0366,-81.4117,0,0
64,18,2,-55.4218,-68.797,1,0
64,20,2,-54.7726,-68.1478,1,0
64,22,2,-54.0878,-67.463,1,0
64,24,2,-53.3676,-66.7428,1,0
64,26,2,-52.6148,-65.99,1,0
64,28,2,-51.8367,-65.2119,1,0
64,30,2,-58.0481,-71.4233,1,0
64,32,2,-53.2539,-66.6291,1,0
64,34,2,-51.683,-65.0581,1,0
64,36,2,-57.0634,-70.4385,1,0
64,38,2,-62.6895,-76.0647,1,0
64,40,2,-46.6891,-60.0643,1,1
64,42,2,-62.6895,-76.0647,1,0
64,44,2,-57.0634,-70.4385,1,0
64,46,2,-51.683,-65.0581,1,0
64,48,2,-53.2539,-66.6291,1,0
64,50,2,-58.0481,-71.4233,1,0
64,52,2,-51.8367,-65.2119,1,0
64,54,2,-52.6148,-65.99,1,0
64,56,2,-53.3676,-66.7428,1,0
64,58,2,-54.0878,-67.463,1,0
64,60,2,-54.7726,-68.1478,1,0
64,62,2,-55.4218,-68.797,1,0
64,64,2,-68.0366,-81.4117,0,0
64,66,2,-68.6188,-81.994,0,0
64,68,2,-69.1707,-82.5459,0,0
64,70,2,-69.6945,-83.0697,0,0
64,72,2,-70.1923,-83.5675,0,0
64,74,2,-77.5419,-90.9171,0,0
64,76,2,-78.0062,-91.3813,0,0
64,78,2,-78.4483,-91.8235,0,0
66,0,2,-78.8184,-92.1935,0,0
66,2,2,-78.3911,-91.7663,0,0
66,4,2,-77.9428,-91.318,0,0
66,6,2,-77.4714,-90.8466,0,0
66,8,2,-76.9745,-90.3497,0,0
66,10,2,-76.4495,-89.8247,0,0
66,12,2,-75.8933,-89.2685,0,0
66,14,2,-68.3952,-81.7704,0,0
66,16,2,-67.7799,-81.1551,0,0
66,18,2,-67.1247,-80.4999,0,0
66,20,2,-66.4257,-79.8009,0,0
66,22,2,-53.6788,-67.054,1,0
66,24,2,-52.8805,-66.2557,1,0
66,26,2,-52.029,-65.4042,1,0
66,28,2,-51.1261,-64.5012,1,1
66,30,2,-50.181,-63.5562,1,1
66,32,2,-54.1061,-67.4813,1,0
66,34,2,-55.2861,-68.6613,1,0
66,36,2,-58.683,-72.0581,1,0
66,38,2,-71.7851,-85.1603,0,0
66,40,2,-46.6891,-60.0643,1,1
66,42,2,-71.7851,-85.1603,0,0
66,44,2,-58.683,-72.0581,1,0
66,46,2,-55.2861,-68.6613,1,0
66,48,2,-54.1061,-67.4813,1,0
66,50,2,-50.181,-63.5562,1,1
66,52,2,-51.1261,-64.5012,1,1
66,54,2,-52.029,-65.4042,1,0
66,56,2,-52.8805,-66.2557,1,0
66,58,2,-53.6788,-67.054,1,0
66,60,2,-66.4257,-79.8009,0,0
66,62,2,-67.1247,-80.4999,0,0
66,64,2,-67.7799,-81.1551,0,0
66,66,2,-68.3952,-81.7704,0,0
66,68,2,-75.8933,-89.2685,0,0
66,70,2,-76.4495,-89.8247,0,0
66,72,2,-76.9745,-90.3497,0,0
66,74,2,-77.4714,-90.8466,0,0
66,76,2,-77.9428,-91.318,0,0
66,78,2,-78.3911,-91.7663,0,0
68,0,2,-78.787,-92.1621,0,0
68,2,2,-78.3564,-91.7316,0,0
68,4,2,-77.9043,-91.2795,0,0
68,6,2,-77.4285,-90.8037,0,0
68,8,2,-76.9264,-90.3016,0,0
68,10,2,-76.3952,-89.7703,0,0
68,12,2,-75.8315,-89.2067,0,0
68,14,2,-75.2315,-88.6067,0,0
68,16,2,-73.7484,-87.1235,0,0
68,18,2,-73.088,-86.4632,0,0
68,20,2,-66.1267,-79.5019,0,0
68,22,2,-65.3213,-78.6965,0,0
68,24,2,-58.8189,-72.194,1,0
68,26,2,-51.4959,-64.8711,1,1
68,28,2,-50.4598,-63.835,1,1
68,30,2,-49.3361,-62.7113,1,1
68,32,2,-48.135,-61.5102,1,1
68,34,2,-53.8984,-67.2736,1,0
68,36,2,-59.7334,-73.1085,1,0
68,38,2,-64.163,-77.5381,1,0
68,40,2,-44.5062,-57.8814,1,1
68,42,2,-64.163,-77.5381,1,0
68,44,2,-59.7334,-73.1085,1,0
68,46,2,-53.8984,-67.2736,1,0
68,48,2,-48.135,-61.5102,1,1
68,50,2,-49.3361,-62.7113,1,1
68,52,2,-50.4598,-63.835,1,1
68,54,2,-51.4959,-64.8711,1,1
68,56,2,-58.8189,-72.194,1,0
68,58,2,-65.3213,-78.6965,0,0
68,60,2,-66.1267,-79.5019,0,0
68,62,2,-73.088,-86.4632,0,0
68,64,2,-73.7484,-87.1235,0,0
68,66,2,-75.2315,-88.6067,0,0
68,68,2,-75.8315,-89.2067,0,0
68,70,2,-76.3952,-89.7703,0,0
68,72,2,-76.9264,-90.3016,0,0
68,74,2,-77.4285,-90.8037,0,0
68,76,2,-77.9043,-91.2795,0,0
68,78,2,-78.3564,-91.7316,0,0
70,0,2,-78.7764,-92.1516,0,0
70,2,2,-78.3448,-91.72,0,0
70,4,2,-77.8914,-91.2666,0,0
70,6,2,-77.4141,-90.7893,0,0
70,8,2,-76.9102,-90.2854,0,0
70,10,2,-75.6571,-89.0323,0,0
70,12,2,-75.1285,-88.5037,0,0
70,14,2,-74.5709,-87.946,0,0
70,16,2,-73.9817,-87.3569,0,0
70,18,2,-73.3585,-86.7337,0,0
70,20,2,-60.699,-74.0742,1,0
70,22,2,-60.0016,-73.3768,1,0
70,24,2,-59.2657,-72.6408,1,0
70,26,2,-58.4933,-71.8684,1,0
70,28,2,-57.6909,-71.066,1,0
70,30,2,-48.5733,-61.9485,1,1
70,32,2,-47.0981,-60.4733,1,1
70,34,2,-45.4575,-58.8327,1,1
70,36,2,-50.7321,-64.1072,1,1
70,38,2,-56.2282,-69.6034,1,0
70,40,2,-41.5836,-54.9588,1,1
70,42,2,-56.2282,-69.6034,1,0
70,44,2,-50.7321,-64.1072,1,1
70,46,2,-45.4575,-58.8327,1,1
70,48,2,-47.0981,-60.4733,1,1
70,50,2,-48.5733,-61.9485,1,1
70,52,2,-57.6909,-71.066,1,0
70,54,2,-58.4933,-71.8684,1,0
70,56,2,-59.2657,-72.6408,1,0
70,58,2,-60.0016,-73.3768,1,0
70,60,2,-60.699,-74.0742,1,0
70,62,2,-73.3585,-86.7337,0,0
70,64,2,-73.9817,-87.3569,0,0
70,66,2,-74.5709,-87.946,0,0
70,68,2,-75.1285,-88.5037,0,0
70,70,2,-75.6571,-89.0323,0,0
70,72,2,-76.9102,-90.2854,0,0
70,74,2,-77.4141,-90.7893,0,0
70,76,2,-77.8914,-91.2666,0,0
70,78,2,-78.3448,-91.72,0,0
72,0,2,-78.787,-92.1621,0,0
72,2,2,-78.3564,-91.7316,0,0
72,4,2,-77.2246,-90.5998,0,0
72,6,2,-76.7844,-90.1596,0,0
72,8,2,-76.324,-89.6991,0,0
72,10,2,-75.8419,-89.2171,0,0
72,12,2,-75.3367,-88.7118,0,0
72,14,2,-74.8068,-88.1819,0,0
72,16,2,-62.2508,-75.626,1,0
72,18,2,-61.6677,-75.0429,1,0
72,20,2,-61.0569,-74.4321,1,0
72,22,2,-60.4189,-73.7941,1,0
72,24,2,-59.7558,-73.131,1,0
72,26,2,-59.0727,-72.4479,1,0
72,28,2,-65.3791,-78.7542,0,0
72,30,2,-64.6909,-78.066,1,0
72,32,2,-58.2375,-71.6126,1,0
72,34,2,-44.1363,-57.5115,1,1
72,36,2,-41.5836,-54.9588,1,1
72,38,2,-45.7437,-59.1188,1,1
72,40,2,-37.1466,-50.5218,1,1
72,42,2,-45.7437,-59.1188,1,1
72,44,2,-41.5836,-54.9588,1,1
72,46,2,-44.1363,-57.5115,1,1
72,48,2,-58.2375,-71.6126,1,0
72,50,2,-64.6909,-78.066,1,0
72,52,2,-65.3791,-78.7542,0,0
72,54,2,-59.0727,-72.4479,1,0
72,56,2,-59.7558,-73.131,1,0
72,58,2,-60.4189,-73.7941,1,0
72,60,2,-61.0569,-74.4321,1,0
72,62,2,-61.6677,-75.0429,1,0
72,64,2,-62.2508,-75.626,1,0
72,66,2,-74.8068,-88.1819,0,0
72,68,2,-75.3367,-88.7118,0,0
72,70,2,-75.8419,-89.2171,0,0
72,72,2,-76.324,-89.6991,0,0
72,74,2,-76.7844,-90.1596,0,0
72,76,2,-77.2246,-90.5998,0,0
72,78,2,-78.3564,-91.7316,0,0
74,0,2,-78.1768,-91.552,0,0
74,2,2,-77.785,-91.1602,0,0
74,4,2,-77.3774,-90.7526,0,0
74,6,2,-76.9532,-90.3283,0,0
74,8,2,-76.5112,-89.8864,0,0
74,10,2,-76.0506,-89.4258,0,0
74,12,2,-63.5704,-76.9456,1,0
74,14,2,-63.07,-76.4452,1,0
74,16,2,-62.5488,-75.9239,1,0
74,18,2,-62.0069,-75.382,1,0
74,20,2,-61.445,-74.8202,1,0
74,22,2,-60.8654,-74.2406,1,0
74,24,2,-60.2717,-73.6469,1,0
74,26,2,-66.6707,-80.0459,0,0
74,28,2,-66.0727,-79.4479,0,0
74,30,2,-65.4933,-78.8684,0,0
74,32,2,-67.7101,-81.0853,0,0
74,34,2,-66.6474,-80.0226,0,0
74,36,2,-63.9087,-77.2839,1,0
74,38,2,-34.5939,-47.9691,1,1
74,40,2,-27.6042,-40.9794,1,1
74,42,2,-34.5939,-47.9691,1,1
74,44,2,-63.9087,-77.2839,1,0
74,46,2,-66.6474,-80.0226,0,0
74,48,2,-67.7101,-81.0853,0,0
74,50,2,-65.4933,-78.8684,0,0
74,52,2,-66.0727,-79.4479,0,0
74,54,2,-66.6707,-80.0459,0,0
74,56,2,-60.2717,-73.6469,1,0
74,58,2,-60.8654,-74.2406,1,0
74,60,2,-61.445,-74.8202,1,0
74,62,2,-62.0069,-75.382,1,0
74,64,2,-62.5488,-75.9239,1,0
74,66,2,-63.07,-76.4452,1,0
74,68,2,-63.5704,-76.9456,1,0
74,70,2,-76.0506,-89.4258,0,0
74,72,2,-76.5112,-89.8864,0,0
74,74,2,-76.9532,-90.3283,0,0
74,76,2,-77.3774,-90.7526,0,0
74,78,2,-77.785,-91.1602,0,0
76,0,2,-67.529,-80.9042,0,0
76,2,2,-67.169,-80.5442,0,0
76,4,2,-66.7974,-80.1726,0,0
76,6,2,-66.4141,-79.7893,0,0
76,8,2,-66.0187,-79.3939,0,0
76,10,2,-65.6114,-78.9866,0,0
76,12,2,-65.1923,-78.5675,0,0
76,14,2,-64.762,-78.1372,1,0
76,16,2,-64.3216,-77.6968,1,0
76,18,2,-63.8728,-77.248,1,0
76,20,2,-63.4181,-76.7932,1,0
76,22,2,-62.9611,-76.3363,1,0
76,24,2,-62.5071,-75.8823,1,0
76,26,2,-62.0628,-75.438,1,0
76,28,2,-62.9658,-76.341,1,0
76,30,2,-61.6848,-75.06,1,0
76,32,2,-60.2539,-73.6291,1,0
76,34,2,-58.683,-72.0581,1,0
76,36,2,-57.0634,-70.4385,1,0
76,38,2,-34.5939,-47.9691,1,1
76,40,2,-27.6042,-40.9794,1,1
76,42,2,-34.5939,-47.9691,1,1
76,44,2,-57.0634,-70.4385,1,0
76,46,2,-58.683,-72.0581,1,0
76,48,2,-60.2539,-73.6291,1,0
76,50,2,-61.6848,-75.06,1,0
76,52,2,-62.9658,-76.341,1,0
76,54,2,-62.0628,-75.438,1,0
76,56,2,-62.5071,-75.8823,1,0
76,58,2,-62.9611,-76.3363,1,0
76,60,2,-63.4181,-76.7932,1,0
76,62,2,-63.8728,-77.248,1,0
76,64,2,-64.3216,-77.6968,1,0
76,66,2,-64.762,-78.1372,1,0
76,68,2,-65.1923,-78.5675,0,0
76,70,2,-65.6114,-78.9866,0,0
76,72,2,-66.0187,-79.3939,0,0
76,74,2,-66.4141,-79.7893,0,0
76,76,2,-66.7974,-80.1726,0,0
76,78,2,-67.169,-80.5442,0,0
78,0,2,-67.3665,-80.7417,0,0
78,2,2,-66.9922,-80.3674,0,0
78,4,2,-66.6045,-79.9797,0,0
78,6,2,-66.2029,-79.5781,0,0
78,8,2,-65.7869,-79.162,0,0
78,10,2,-65.356,-78.7312,0,0
78,12,2,-64.9102,-78.2854,1,0
78,14,2,-64.4495,-77.8247,1,0
78,16,2,-63.9744,-77.3496,1,0
78,18,2,-63.486,-76.8612,1,0
78,20,2,-62.9864,-76.3616,1,0
78,22,2,-62.4788,-75.854,1,0
78,24,2,-61.9682,-75.3434,1,0
78,26,2,-61.4616,-74.8368,1,0
78,28,2,-60.9691,-74.3443,1,0
78,30,2,-61.2582,-74.6333,1,0
78,32,2,-58.2375,-71.6126,1,0
78,34,2,-44.1363,-57.5115,1,1
78,36,2,-41.5836,-54.9588,1,1
78,38,2,-45.7437,-59.1188,1,1
78,40,2,-37.1466,-50.5218,1,1
78,42,2,-45.7437,-59.1188,1,1
78,44,2,-41.5836,-54.9588,1,1
78,46,2,-44.1363,-57.5115,1,1
78,48,2,-58.2375,-71.6126,1,0
78,50,2,-61.2582,-74.6333,1,0
78,52,2,-60.9691,-74.3443,1,0
78,54,2,-61.4616,-74.8368,1,0
78,56,2,-61.9682,-75.3434,1,0
78,58,2,-62.4788,-75.854,1,0
78,60,2,-62.9864,-76.3616,1,0
78,62,2,-63.486,-76.8612,1,0
78,64,2,-63.9744,-77.3496,1,0
78,66,2,-64.4495,-77.8247,1,0
78,68,2,-64.9102,-78.2854,1,0
78,70,2,-65.356,-78.7312,0,0
78,72,2,-65.7869,-79.162,0,0
78,74,2,-66.2029,-79.5781,0,0
78,76,2,-66.6045,-79.9797,0,0
78,78,2,-66.9922,-80.3674,0,0
80,0,2,-67.2169,-80.592,0,0
80,2,2,-66.8288,-80.204,0,0
80,4,2,-66.4255,-79.8007,0,0
80,6,2,-66.0062,-79.3813,0,0
80,8,2,-65.5698,-78.945,0,0
80,10,2,-65.1158,-78.4909,0,0
80,12,2,-64.6431,-78.0183,1,0
80,14,2,-64.1515,-77.5266,1,0
80,16,2,-63.6405,-77.0157,1,0
80,18,2,-63.1107,-76.4859,1,0
80,20,2,-62.563,-75.9382,1,0
80,22,2,-61.9999,-75.3751,1,0
80,24,2,-61.4257,-74.8009,1,0
80,26,2,-60.847,-74.2222,1,0
80,28,2,-60.2745,-73.6497,1,0
80,30,2,-48.5733,-61.9485,1,1
80,32,2,-47.0981,-60.4733,1,1
80,34,2,-45.4575,-58.8327,1,1
80,36,2,-50.7321,-64.1072,1,1
80,38,2,-52.7128,-66.0879,1,0
80,40,2,-38.4856,-51.8608,1,1
80,42,2,-52.7128,-66.0879,1,0
80,44,2,-50.7321,-64.1072,1,1
80,46,2,-45.4575,-58.8327,1,1
80,48,2,-47.0981,-60.4733,1,1
80,50,2,-48.5733,-61.9485,1,1
80,52,2,-60.2745,-73.6497,1,0
80,54,2,-60.847,-74.2222,1,0
80,56,2,-61.4257,-74.8009,1,0
80,58,2,-61.9999,-75.3751,1,0
80,60,2,-62.563,-75.9382,1,0
80,62,2,-63.1107,-76.4859,1,0
80,64,2,-63.6405,-77.0157,1,0
80,66,2,-64.1515,-77.5266,1,0
80,68,2,-64.6431,-78.0183,1,0
80,70,2,-65.1158,-78.4909,0,0
80,72,2,-65.5698,-78.945,0,0
80,74,2,-66.0062,-79.3813,0,0
80,76,2,-66.4255,-79.8007,0,0
80,78,2,-66.8288,-80.204,0,0
82,0,2,-67.0815,-80.4567,0,0
82,2,2,-66.6806,-80.0557,0,0
82,4,2,-66.2626,-79.6378,0,0
82,6,2,-65.8264,-79.2016,0,0
82,8,2,-65.3706,-78.7458,0,0
82,10,2,-64.894,-78.2692,1,0
82,12,2,-64.3952,-77.7703,1,0
82,14,2,-63.8728,-77.248,1,0
82,16,2,-63.3258,-76.701,1,0
82,18,2,-62.7534,-76.1285,1,0
82,20,2,-62.1553,-75.5305,1,0
82,22,2,-61.5327,-74.9079,1,0
82,24,2,-60.8881,-74.2633,1,0
82,26,2,-51.4959,-64.8711,1,1
82,28,2,-50.4598,-63.835,1,1
82,30,2,-49.3361,-62.7113,1,1
82,32,2,-48.135,-61.5102,1,1
82,34,2,-53.8984,-67.2736,1,0
82,36,2,-55.6895,-69.0647,1,0
82,38,2,-53.6685,-67.0437,1,0
82,40,2,-44.5062,-57.8814,1,1
82,42,2,-53.6685,-67.0437,1,0
82,44,2,-55.6895,-69.0647,1,0
82,46,2,-53.8984,-67.2736,1,0
82,48,2,-48.135,-61.5102,1,1
82,50,2,-49.3361,-62.7113,1,1
82,52,2,-50.4598,-63.835,1,1
82,54,2,-51.4959,-64.8711,1,1
82,56,2,-60.8881,-74.2633,1,0
82,58,2,-61.5327,-74.9079,1,0
82,60,2,-62.1553,-75.5305,1,0
82,62,2,-62.7534,-76.1285,1,0
82,64,2,-63.3258,-76.701,1,0
82,66,2,-63.8728,-77.248,1,0
82,68,2,-64.3952,-77.7703,1,0
82,70,2,-64.894,-78.2692,1,0
82,72,2,-65.3706,-78.7458,0,0
82,74,2,-65.8264,-79.2016,0,0
82,76,2,-66.2626,-79.6378,0,0
82,78,2,-66.6806,-80.0557,0,0
84,0,2,-66.962,-80.3372,0,0
84,2,2,-66.5494,-79.9245,0,0
84,4,2,-66.1179,-79.4931,0,0
84,6,2,-65.6661,-79.0413,0,0
84,8,2,-65.1923,-78.5675,0,0
84,10,2,-64.6945,-78.0697,1,0
84,12,2,-64.1707,-77.5459,1,0
84,14,2,-63.6188,-76.994,1,0
84,16,2,-63.0366,-76.4117,1,0
84,18,2,-62.4218,-75.797,1,0
84,20,2,-61.7726,-75.1478,1,0
84,22,2,-53.6788,-67.054,1,0
84,24,2,-52.8805,-66.2557,1,0
84,26,2,-52.029,-65.4042,1,0
84,28,2,-51.1261,-64.5012,1,1
84,30,2,-50.181,-63.5562,1,1
84,32,2,-56.2179,-69.5931,1,0
84,34,2,-55.2861,-68.6613,1,0
84,36,2,-57.0634,-70.4385,1,0
84,38,2,-62.6895,-76.0647,1,0
84,40,2,-46.6891,-60.0643,1,1
84,42,2,-62.6895,-76.0647,1,0
84,44,2,-57.0634,-70.4385,1,0
84,46,2,-55.2861,-68.6613,1,0
84,48,2,-56.2179,-69.5931,1,0
84,50,2,-50.181,-63.5562,1,1
84,52,2,-51.1261,-64.5012,1,1
84,54,2,-52.029,-65.4042,1,0
84,56,2,-52.8805,-66.2557,1,0
84,58,2,-53.6788,-67.054,1,0
84,60,2,-61.7726,-75.1478,1,0
84,62,2,-62.4218,-75.797,1,0
84,64,2,-63.0366,-76.4117,1,0
84,66,2,-63.6188,-76.994,1,0
84,68,2,-64.1707,-77.5459,1,0
84,70,2,-64.6945,-78.0697,1,0
84,72,2,-65.1923,-78.5675,0,0
84,74,2,-65.6661,-79.0413,0,0
84,76,2,-66.1179,-79.4931,0,0
84,78,2,-66.5494,-79.9245,0,0
86,0,2,-66.8599,-80.2351,0,0
86,2,2,-66.4369,-79.8121,0,0
86,4,2,-65.9936,-79.3687,0,0
86,6,2,-65.5279,-78.9031,0,0
86,8,2,-65.0378,-78.413,0,0
86,10,2,-64.5209,-77.8961,1,0
86,12,2,-63.9744,-77.3496,1,0
86,14,2,-63.3952,-76.7704,1,0
86,16,2,-62.7799,-76.1551,1,0
86,18,2,-55.4218,-68.797,1,0
86,20,2,-54.7726,-68.1478,1,0
86,22,2,-54.0878,-67.463,1,0
86,24,2,-53.3676,-66.7428,1,0
86,26,2,-52.6148,-65.99,1,0
86,28,2,-51.8367,-65.2119,1,0
86,30,2,-57.181,-70.5562,1,0
86,32,2,-56.2179,-69.5931,1,0
86,34,2,-55.2861,-68.6613,1,0
86,36,2,-58.683,-72.0581,1,0
86,38,2,-67.8984,-81.2736,0,0
86,40,2,-46.6891,-60.0643,1,1
86,42,2,-67.8984,-81.2736,0,0
86,44,2,-58.683,-72.0581,1,0
86,46,2,-55.2861,-68.6613,1,0
86,48,2,-56.2179,-69.5931,1,0
86,50,2,-57.181,-70.5562,1,0
86,52,2,-51.8367,-65.2119,1,0
86,54,2,-52.6148,-65.99,1,0
86,56,2,-53.3676,-66.7428,1,0
86,58,2,-54.0878,-67.463,1,0
86,60,2,-54.7726,-68.1478,1,0
86,62,2,-55.4218,-68.797,1,0
86,64,2,-62.7799,-76.1551,1,0
86,66,2,-63.3952,-76.7704,1,0
86,68,2,-63.9744,-77.3496,1,0
86,70,2,-64.5209,-77.8961,1,0
86,72,2,-65.0378,-78.413,0,0
86,74,2,-65.5279,-78.9031,0,0
86,76,2,-65.9936,-79.3687,0,0
86,78,2,-66.4369,-79.8121,0,0
88,0,2,-66.7764,-80.1516,0,0
88,2,2,-66.3448,-79.72,0,0
88,4,2,-65.8914,-79.2666,0,0
88,6,2,-65.4141,-78.7893,0,0
88,8,2,-64.9102,-78.2854,1,0
88,10,2,-64.3769,-77.7521,1,0
88,12,2,-63.8107,-77.1859,1,0
88,14,2,-56.8728,-70.248,1,0
88,16,2,-56.3258,-69.701,1,0
88,18,2,-55.7534,-69.1285,1,0
88,20,2,-55.1553,-68.5305,1,0
88,22,2,-54.5327,-67.9079,1,0
88,24,2,-53.8881,-67.2633,1,0
88,26,2,-53.2272,-66.6023,1,0
88,28,2,-57.4598,-70.835,1,0
88,30,2,-56.3361,-69.7113,1,0
88,32,2,-55.135,-68.5102,1,0
88,34,2,-53.8984,-67.2736,1,0
88,36,2,-57.9927,-71.3679,1,0
88,38,2,-58.847,-72.2222,1,0
88,40,2,-44.5062,-57.8814,1,1
88,42,2,-58.847,-72.2222,1,0
88,44,2,-57.9927,-71.3679,1,0
88,46,2,-53.8984,-67.2736,1,0
88,48,2,-55.135,-68.5102,1,0
88,50,2,-56.3361,-69.7113,1,0
88,52,2,-57.4598,-70.835,1,0
88,54,2,-53.2272,-66.6023,1,0
88,56,2,-53.8881,-67.2633,1,0
88,58,2,-54.5327,-67.9079,1,0
88,60,2,-55.1553,-68.5305,1,0
88,62,2,-55.7534,-69.1285,1,0
88,64,2,-56.3258,-69.701,1,0
88,66,2,-56.8728,-70.248,1,0
88,68,2,-63.8107,-77.1859,1,0
88,70,2,-64.3769,-77.7521,1,0
88,72,2,-64.9102,-78.2854,1,0
88,74,2,-65.4141,-78.7893,0,0
88,76,2,-65.8914,-79.2666,0,0
88,78,2,-66.3448,-79.72,0,0
90,0,2,-66.7128,-80.0879,0,0
90,2,2,-66.2744,-79.6496,0,0
90,4,2,-65.8133,-79.1884,0,0
90,6,2,-65.3267,-78.7019,0,0
90,8,2,-64.812,-78.1872,1,0
90,10,2,-58.1158,-71.4909,1,0
90,12,2,-57.6431,-71.0183,1,0
90,14,2,-57.1515,-70.5266,1,0
90,16,2,-56.6405,-70.0157,1,0
90,18,2,-56.1107,-69.4859,1,0
90,20,2,-55.563,-68.9382,1,0
90,22,2,-54.9999,-68.3751,1,0
90,24,2,-54.4257,-67.8009,1,0
90,26,2,-58.0481,-71.4233,1,0
90,28,2,-56.8831,-70.2583,1,0
90,30,2,-55.5733,-68.9485,1,0
90,32,2,-54.0981,-67.4733,1,0
90,34,2,-52.4575,-65.8327,1,0
90,36,2,-50.7321,-64.1072,1,1
90,38,2,-56.2282,-69.6034,1,0
90,40,2,-41.5836,-54.9588,1,1
90,42,2,-56.2282,-69.6034,1,0
90,44,2,-50.7321,-64.1072,1,1
90,46,2,-52.4575,-65.8327,1,0
90,48,2,-54.0981,-67.4733,1,0
90,50,2,-55.5733,-68.9485,1,0
90,52,2,-56.8831,-70.2583,1,0
90,54,2,-58.0481,-71.4233,1,0
90,56,2,-54.4257,-67.8009,1,0
90,58,2,-54.9999,-68.3751,1,0
90,60,2,-55.563,-68.9382,1,0
90,62,2,-56.1107,-69.4859,1,0
90,64,2,-56.6405,-70.0157,1,0
90,66,2,-57.1515,-70.5266,1,0
90,68,2,-57.6431,-71.0183,1,0
90,70,2,-58.1158,-71.4909,1,0
90,72,2,-64.812,-78.1872,1,0
90,74,2,-65.3267,-78.7019,0,0
90,76,2,-65.8133,-79.1884,0,0
90,78,2,-66.2744,-79.6496,0,0
92,0,2,-66.6698,-80.045,0,0
92,2,2,-66.2269,-79.6021,0,0
92,4,2,-65.7603,-79.1355,0,0
92,6,2,-59.2029,-72.5781,1,0
92,8,2,-58.7869,-72.162,1,0
92,10,2,-58.356,-71.7312,1,0
92,12,2,-57.9102,-71.2854,1,0
92,14,2,-57.4495,-70.8247,1,0
92,16,2,-56.9744,-70.3496,1,0
92,18,2,-56.486,-69.8612,1,0
92,20,2,-55.9864,-69.3616,1,0
92,22,2,-55.4788,-68.854,1,0
92,24,2,-58.8367,-72.2119,1,0
92,26,2,-57.7218,-71.0969,1,0
92,28,2,-56.4511,-69.8263,1,0
92,30,2,-54.9785,-68.3537,1,0
92,32,2,-53.2375,-66.6126,1,0
92,34,2,-51.1363,-64.5115,1,1
92,36,2,-48.5836,-61.9588,1,1
92,38,2,-45.7437,-59.1188,1,1
92,40,2,-37.1466,-50.5218,1,1
92,42,2,-45.7437,-59.1188,1,1
92,44,2,-48.5836,-61.9588,1,1
92,46,2,-51.1363,-64.5115,1,1
92,48,2,-53.2375,-66.6126,1,0
92,50,2,-54.9785,-68.3537,1,0
92,52,2,-56.4511,-69.8263,1,0
92,54,2,-57.7218,-71.0969,1,0
92,56,2,-58.8367,-72.2119,1,0
92,58,2,-55.4788,-68.854,1,0
92,60,2,-55.9864,-69.3616,1,0
92,62,2,-56.486,-69.8612,1,0
92,64,2,-56.9744,-70.3496,1,0
92,66,2,-57.4495,-70.8247,1,0
92,68,2,-57.9102,-71.2854,1,0
92,70,2,-58.356,-71.7312,1,0
92,72,2,-58.7869,-72.162,1,0
92,74,2,-59.2029,-72.5781,1,0
92,76,2,-65.7603,-79.1355,0,0
92,78,2,-66.2269,-79.6021,0,0
94,0,2,-66.6481,-80.0233,0,0
94,2,2,-60.169,-73.5442,1,0
94,4,2,-59.7974,-73.1726,1,0
94,6,2,-59.4141,-72.7893,1,0
94,8,2,-59.0187,-72.3939,1,0
94,10,2,-58.6114,-71.9866,1,0
94,12,2,-58.1923,-71.5675,1,0
94,14,2,-57.762,-71.1372,1,0
94,16,2,-57.3216,-70.6968,1,0
94,18,2,-56.8728,-70.248,1,0
94,20,2,-56.4181,-69.7932,1,0
94,22,2,-59.7231,-73.0982,1,0
94,24,2,-58.7036,-72.0787,1,0
94,26,2,-57.5489,-70.9241,1,0
94,28,2,-56.2179,-69.5931,1,0
94,30,2,-54.6474,-68.0226,1,0
94,32,2,-52.7334,-66.1085,1,0
94,34,2,-50.2862,-63.6614,1,1
94,36,2,-46.9087,-60.2839,1,1
94,38,2,-41.5939,-54.9691,1,1
94,40,2,-27.6042,-40.9794,1,1
94,42,2,-41.5939,-54.9691,1,1
94,44,2,-46.9087,-60.2839,1,1
94,46,2,-50.2862,-63.6614,1,1
94,48,2,-52.7334,-66.1085,1,0
94,50,2,-54.6474,-68.0226,1,0
94,52,2,-56.2179,-69.5931,1,0
94,54,2,-57.5489,-70.9241,1,0
94,56,2,-58.7036,-72.0787,1,0
94,58,2,-59.7231,-73.0982,1,0
94,60,2,-56.4181,-69.7932,1,0
94,62,2,-56.8728,-70.248,1,0
94,64,2,-57.3216,-70.6968,1,0
94,66,2,-57.762,-71.1372,1,0
94,68,2,-58.1923,-71.5675,1,0
94,70,2,-58.6114,-71.9866,1,0
94,72,2,-59.0187,-72.3939,1,0
94,74,2,-59.4141,-72.7893,1,0
94,76,2,-59.7974,-73.1726,1,0
94,78,2,-60.169,-73.5442,1,0
96,0,2,-60.7027,-74.0778,1,0
96,2,2,-60.3573,-73.7325,1,0
96,4,2,-60.0022,-73.3774,1,0
96,6,2,-59.6373,-73.0124,1,0
96,8,2,-59.2626,-72.6378,1,0
96,10,2,-58.8785,-72.2537,1,0
96,12,2,-58.4856,-71.8608,1,0
96,14,2,-58.0848,-71.4599,1,0
96,16,2,-57.6774,-71.0526,1,0
96,18,2,-57.2656,-70.6408,1,0
96,20,2,-60.6357,-74.0108,1,0
96,22,2,-59.7231,-73.0982,1,0
96,24,2,-58.7036,-72.0787,1,0
96,26,2,-57.5489,-70.9241,1,0
96,28,2,-56.2179,-69.5931,1,0
96,30,2,-54.6474,-68.0226,1,0
96,32,2,-52.7334,-66.1085,1,0
96,34,2,-50.2862,-63.6614,1,1
96,36,2,-46.9087,-60.2839,1,1
96,38,2,-41.5939,-54.9691,1,1
96,40,2,-27.6042,-40.9794,1,1
96,42,2,-41.5939,-54.9691,1,1
96,44,2,-46.9087,-60.2839,1,1
96,46,2,-50.2862,-63.6614,1,1
96,48,2,-52.7334,-66.1085,1,0
96,50,2,-54.6474,-68.0226,1,0
96,52,2,-56.2179,-69.5931,1,0
96,54,2,-57.5489,-70.9241,1,0
96,56,2,-58.7036,-72.0787,1,0
96,58,2,-59.7231,-73.0982,1,0
96,60,2,-60.6357,-74.0108,1,0
96,62,2,-57.2656,-70.6408,1,0
96,64,2,-57.6774,-71.0526,1,0
96,66,2,-58.0848,-71.4599,1,0
96,68,2,-58.4856,-71.8608,1,0
96,70,2,-58.8785,-72.2537,1,0
96,72,2,-59.2626,-72.6378,1,0
96,74,2,-59.6373,-73.0124,1,0
96,76,2,-60.0022,-73.3774,1,0
96,78,2,-60.3573,-73.7325,1,0
98,0,2,-60.886,-74.2612,1,0
98,2,2,-60.5555,-73.9307,1,0
98,4,2,-60.2169,-73.592,1,0
98,6,2,-59.8702,-73.2454,1,0
98,8,2,-59.5159,-72.8911,1,0
98,10,2,-59.1545,-72.5297,1,0
98,12,2,-58.7869,-72.162,1,0
98,14,2,-58.4141,-71.7893,1,0
98,16,2,-58.0378,-71.413,1,0
98,18,2,-61.5327,-74.9079,1,0
98,20,2,-60.7215,-74.0966,1,0
98,22,2,-59.8287,-73.2038,1,0
98,24,2,-58.8367,-72.2119,1,0
98,26,2,-57.7218,-71.0969,1,0
98,28,2,-56.4511,-69.8263,1,0
98,30,2,-54.9785,-68.3537,1,0
98,32,2,-53.2375,-66.6126,1,0
98,34,2,-51.1363,-64.5115,1,1
98,36,2,-48.5836,-61.9588,1,1
98,38,2,-45.7437,-59.1188,1,1
98,40,2,-37.1466,-50.5218,1,1
98,42,2,-45.7437,-59.1188,1,1
98,44,2,-48.5836,-61.9588,1,1
98,46,2,-51.1363,-64.5115,1,1
98,48,2,-53.2375,-66.6126,1,0
98,50,2,-54.9785,-68.3537,1,0
98,52,2,-56.4511,-69.8263,1,0
98,54,2,-57.7218,-71.0969,1,0
98,56,2,-58.8367,-72.2119,1,0
98,58,2,-59.8287,-73.2038,1,0
98,60,2,-60.7215,-74.0966,1,0
98,62,2,-61.5327,-74.9079,1,0
98,64,2,-58.0378,-71.413,1,0
98,66,2,-58.4141,-71.7893,1,0
98,68,2,-58.7869,-72.162,1,0
98,70,2,-59.1545,-72.5297,1,0
98,72,2,-59.5159,-72.8911,1,0
98,74,2,-59.8702,-73.2454,1,0
98,76,2,-60.2169,-73.592,1,0
98,78,2,-60.5555,-73.9307,1,0
